Date,Children apprehended and placed in CBP custody*,Children in CBP custody,Children transferred out of CBP custody,Children in HHS Care,Children discharged from HHS Care,Net Pressure,Day_of_Week,Month,Month_Name,Days_Since_Previous,HHS_Care_Rolling_Mean,HHS_Care_Difference,HHS_Care_Lag_1,HHS_Care_Lag_2,HHS_Care_Lag_3,HHS_Care_Lag_5,HHS_Care_Lag_10,Transfer_Lag_1,Discharge_Lag_1,Transfer_Lag_2,Discharge_Lag_2,Transfer_Lag_3,Discharge_Lag_3,Transfer_Lag_5,Discharge_Lag_5,HHS_Care_Rolling_Mean_5,HHS_Care_Rolling_Std_5,Net_Pressure_Lag_1,Year,Net_Pressure
2023-02-12,92.0,203.0,173.0,7434.0,317.0,-144.0,Sunday,2,February,3.0,7766.4,-474.0,7908.0,7915.0,7855.0,7586.0,7472.0,161.0,353.0,169.0,317.0,20.0,200.0,15.0,342.0,7796.8,141.47331903931575,-192.0,2023,-144.0
2023-02-13,186.0,259.0,172.0,7483.0,244.0,-72.0,Monday,2,February,1.0,7719.0,49.0,7434.0,7908.0,7915.0,7720.0,7743.0,173.0,317.0,161.0,353.0,169.0,317.0,12.0,196.0,7766.4,201.63407450131032,-144.0,2023,-72.0
2023-02-14,154.0,225.0,220.0,7794.0,223.0,-3.0,Tuesday,2,February,1.0,7706.8,311.0,7483.0,7434.0,7908.0,7855.0,7803.0,172.0,244.0,173.0,317.0,161.0,353.0,20.0,200.0,7719.0,239.5589697757109,-72.0,2023,-3.0
2023-02-15,91.0,199.0,172.0,7869.0,290.0,-118.0,Wednesday,2,February,1.0,7697.6,75.0,7794.0,7483.0,7434.0,7915.0,7903.0,220.0,223.0,172.0,244.0,173.0,317.0,169.0,317.0,7706.8,232.34607808181306,-3.0,2023,-118.0
2023-02-16,81.0,213.0,153.0,7793.0,361.0,-208.0,Thursday,2,February,1.0,7674.6,-76.0,7869.0,7794.0,7483.0,7908.0,7879.0,172.0,290.0,220.0,223.0,172.0,244.0,161.0,353.0,7697.6,222.75390007809057,-118.0,2023,-208.0
2023-02-20,209.0,285.0,184.0,7817.0,209.0,-25.0,Monday,2,February,4.0,7751.2,24.0,7793.0,7869.0,7794.0,7434.0,7586.0,153.0,361.0,172.0,290.0,220.0,223.0,173.0,317.0,7674.6,200.41531877578615,-208.0,2023,-25.0
2023-02-21,184.0,314.0,217.0,7967.0,213.0,4.0,Tuesday,2,February,1.0,7848.0,150.0,7817.0,7793.0,7869.0,7483.0,7720.0,184.0,209.0,153.0,361.0,172.0,290.0,172.0,244.0,7751.2,153.06599883710277,-25.0,2023,4.0
2023-02-22,107.0,215.0,230.0,7978.0,232.0,-2.0,Wednesday,2,February,1.0,7884.8,11.0,7967.0,7817.0,7793.0,7794.0,7855.0,217.0,213.0,184.0,209.0,153.0,361.0,220.0,223.0,7848.0,73.3212111192932,4.0,2023,-2.0
2023-02-23,101.0,162.0,178.0,7914.0,386.0,-208.0,Thursday,2,February,1.0,7893.8,-64.0,7978.0,7967.0,7817.0,7869.0,7915.0,230.0,232.0,217.0,213.0,184.0,209.0,172.0,290.0,7884.8,84.73015991959392,-2.0,2023,-208.0
2023-02-26,99.0,190.0,176.0,7609.0,323.0,-147.0,Sunday,2,February,3.0,7857.0,-305.0,7914.0,7978.0,7967.0,7793.0,7908.0,178.0,386.0,230.0,232.0,217.0,213.0,153.0,361.0,7893.8,85.02176192011054,-208.0,2023,-147.0
2023-02-27,167.0,239.0,166.0,7800.0,248.0,-82.0,Monday,2,February,1.0,7853.6,191.0,7609.0,7914.0,7978.0,7817.0,7434.0,176.0,323.0,178.0,386.0,230.0,232.0,184.0,209.0,7857.0,152.5565468932748,-147.0,2023,-82.0
2023-02-28,115.0,216.0,169.0,7896.0,200.0,-31.0,Tuesday,2,February,1.0,7839.4,96.0,7800.0,7609.0,7914.0,7967.0,7483.0,166.0,248.0,176.0,323.0,178.0,386.0,217.0,213.0,7853.6,153.85480168002545,-82.0,2023,-31.0
2023-03-01,84.0,158.0,193.0,7930.0,307.0,-114.0,Wednesday,3,March,1.0,7829.8,34.0,7896.0,7800.0,7609.0,7978.0,7794.0,169.0,200.0,166.0,248.0,176.0,323.0,230.0,232.0,7839.4,143.71429991479616,-31.0,2023,-114.0
2023-03-02,130.0,227.0,192.0,7870.0,335.0,-143.0,Thursday,3,March,1.0,7821.0,-60.0,7930.0,7896.0,7800.0,7914.0,7869.0,193.0,307.0,169.0,200.0,166.0,248.0,178.0,386.0,7829.8,133.3724109401939,-114.0,2023,-143.0
2023-03-07,88.0,214.0,160.0,7859.0,259.0,-99.0,Tuesday,3,March,5.0,7871.0,-11.0,7870.0,7930.0,7896.0,7609.0,7793.0,192.0,335.0,193.0,307.0,169.0,200.0,176.0,323.0,7821.0,127.76149654727735,-143.0,2023,-99.0
2023-03-08,113.0,208.0,159.0,7885.0,291.0,-132.0,Wednesday,3,March,1.0,7888.0,26.0,7859.0,7870.0,7930.0,7800.0,7817.0,160.0,259.0,192.0,335.0,193.0,307.0,166.0,248.0,7871.0,48.19751030914317,-99.0,2023,-132.0
2023-03-09,174.0,285.0,150.0,7786.0,340.0,-190.0,Thursday,3,March,1.0,7866.0,-99.0,7885.0,7859.0,7870.0,7896.0,7967.0,159.0,291.0,160.0,259.0,192.0,335.0,169.0,200.0,7888.0,27.39525506360475,-132.0,2023,-190.0
2023-03-13,104.0,230.0,206.0,7567.0,249.0,-43.0,Monday,3,March,4.0,7793.4,-219.0,7786.0,7885.0,7859.0,7930.0,7978.0,150.0,340.0,159.0,291.0,160.0,259.0,193.0,307.0,7866.0,52.25418643515524,-190.0,2023,-43.0
2023-03-14,147.0,276.0,214.0,7810.0,181.0,33.0,Tuesday,3,March,1.0,7781.4,243.0,7567.0,7786.0,7885.0,7870.0,7914.0,206.0,249.0,150.0,340.0,159.0,291.0,192.0,335.0,7793.4,132.16769650712664,-43.0,2023,33.0
2023-03-15,108.0,220.0,213.0,7915.0,286.0,-73.0,Wednesday,3,March,1.0,7792.6,105.0,7810.0,7567.0,7786.0,7859.0,7609.0,214.0,181.0,206.0,249.0,150.0,340.0,160.0,259.0,7781.4,126.0567332592747,33.0,2023,-73.0
2023-03-16,180.0,280.0,146.0,7989.0,308.0,-162.0,Thursday,3,March,1.0,7813.4,74.0,7915.0,7810.0,7567.0,7885.0,7800.0,213.0,286.0,214.0,181.0,206.0,249.0,159.0,291.0,7792.6,136.71247199871675,-73.0,2023,-162.0
2023-03-19,134.0,294.0,186.0,7885.0,306.0,-120.0,Sunday,3,March,3.0,7833.2,-104.0,7989.0,7915.0,7810.0,7786.0,7896.0,146.0,308.0,213.0,286.0,214.0,181.0,150.0,340.0,7813.4,160.1820838920506,-162.0,2023,-120.0
2023-03-20,202.0,313.0,158.0,7931.0,279.0,-121.0,Monday,3,March,1.0,7906.0,46.0,7885.0,7989.0,7915.0,7567.0,7930.0,186.0,306.0,146.0,308.0,213.0,286.0,206.0,249.0,7833.2,162.0561631040299,-120.0,2023,-121.0
2023-03-21,110.0,272.0,193.0,8050.0,221.0,-28.0,Tuesday,3,March,1.0,7954.0,119.0,7931.0,7885.0,7989.0,7810.0,7870.0,158.0,279.0,186.0,306.0,146.0,308.0,214.0,181.0,7906.0,65.67343450741677,-121.0,2023,-28.0
2023-03-22,166.0,277.0,229.0,8097.0,246.0,-17.0,Wednesday,3,March,1.0,7990.4,47.0,8050.0,7931.0,7885.0,7915.0,7859.0,193.0,221.0,158.0,279.0,186.0,306.0,213.0,286.0,7954.0,65.67343450741677,-28.0,2023,-17.0
2023-03-23,136.0,276.0,178.0,8102.0,331.0,-153.0,Thursday,3,March,1.0,8013.0,5.0,8097.0,8050.0,7931.0,7989.0,7885.0,229.0,246.0,193.0,221.0,158.0,279.0,146.0,308.0,7990.4,85.95812934213943,-17.0,2023,-153.0
2023-03-26,87.0,246.0,173.0,7847.0,352.0,-179.0,Sunday,3,March,3.0,8005.4,-255.0,8102.0,8097.0,8050.0,7885.0,7786.0,178.0,331.0,229.0,246.0,193.0,221.0,186.0,306.0,8013.0,99.31515493619276,-153.0,2023,-179.0
2023-03-27,84.0,171.0,157.0,7994.0,235.0,-78.0,Monday,3,March,1.0,8018.0,147.0,7847.0,8102.0,8097.0,7931.0,7567.0,173.0,352.0,178.0,331.0,229.0,246.0,158.0,279.0,8005.4,112.17976644653862,-179.0,2023,-78.0
2023-03-28,167.0,209.0,157.0,8079.0,223.0,-66.0,Tuesday,3,March,1.0,8023.8,85.0,7994.0,7847.0,8102.0,8050.0,7810.0,157.0,235.0,173.0,352.0,178.0,331.0,193.0,221.0,8018.0,105.04522835426633,-78.0,2023,-66.0
2023-03-29,109.0,245.0,159.0,8208.0,267.0,-108.0,Wednesday,3,March,1.0,8046.0,129.0,8079.0,7994.0,7847.0,8097.0,7915.0,157.0,223.0,157.0,235.0,173.0,352.0,229.0,246.0,8023.8,108.01249927670388,-66.0,2023,-108.0
2023-03-30,156.0,256.0,176.0,8158.0,359.0,-183.0,Thursday,3,March,1.0,8057.2,-50.0,8208.0,8079.0,7994.0,8102.0,7989.0,159.0,267.0,157.0,223.0,157.0,235.0,178.0,331.0,8046.0,134.88328287819795,-108.0,2023,-183.0
2023-04-02,125.0,232.0,192.0,7981.0,304.0,-112.0,Sunday,4,April,3.0,8084.0,-177.0,8158.0,8208.0,8079.0,7847.0,7885.0,176.0,359.0,159.0,267.0,157.0,223.0,173.0,352.0,8057.2,142.78900517897017,-183.0,2023,-112.0
2023-04-03,118.0,139.0,168.0,8054.0,284.0,-116.0,Monday,4,April,1.0,8096.0,73.0,7981.0,8158.0,8208.0,7994.0,7931.0,192.0,304.0,176.0,359.0,159.0,267.0,157.0,235.0,8084.0,99.48115399411077,-112.0,2023,-116.0
2023-04-04,142.0,235.0,139.0,8068.0,259.0,-120.0,Tuesday,4,April,1.0,8093.8,14.0,8054.0,7981.0,8158.0,8079.0,8050.0,168.0,284.0,192.0,304.0,176.0,359.0,157.0,223.0,8096.0,88.97471550951978,-116.0,2023,-120.0
2023-04-05,148.0,245.0,175.0,8175.0,260.0,-85.0,Wednesday,4,April,1.0,8087.2,107.0,8068.0,8054.0,7981.0,8208.0,8097.0,139.0,259.0,168.0,284.0,192.0,304.0,159.0,267.0,8093.8,89.63369901995556,-120.0,2023,-85.0
2023-04-06,119.0,219.0,210.0,8178.0,284.0,-74.0,Thursday,4,April,1.0,8091.2,3.0,8175.0,8068.0,8054.0,8158.0,8102.0,175.0,260.0,139.0,259.0,168.0,284.0,176.0,359.0,8087.2,79.79786964574927,-85.0,2023,-74.0
2023-04-09,105.0,210.0,149.0,7900.0,329.0,-180.0,Sunday,4,April,3.0,8075.0,-278.0,8178.0,8175.0,8068.0,7981.0,7847.0,210.0,284.0,175.0,260.0,139.0,259.0,192.0,304.0,8091.2,84.59137071829487,-74.0,2023,-180.0
2023-04-10,143.0,203.0,163.0,7826.0,265.0,-102.0,Monday,4,April,1.0,8029.4,-74.0,7900.0,8178.0,8175.0,8054.0,7994.0,149.0,329.0,210.0,284.0,175.0,260.0,168.0,284.0,8075.0,113.71455491712571,-180.0,2023,-102.0
2023-04-11,119.0,209.0,152.0,7922.0,187.0,-35.0,Tuesday,4,April,1.0,8000.2,96.0,7826.0,7900.0,8178.0,8068.0,8079.0,163.0,265.0,149.0,329.0,210.0,284.0,139.0,259.0,8029.4,160.38017333822773,-102.0,2023,-35.0
2023-04-12,155.0,212.0,181.0,7876.0,283.0,-102.0,Wednesday,4,April,1.0,7940.4,-46.0,7922.0,7826.0,7900.0,8175.0,8208.0,152.0,187.0,163.0,265.0,149.0,329.0,175.0,260.0,8000.2,164.82475542223617,-35.0,2023,-102.0
2023-04-13,109.0,214.0,173.0,7795.0,370.0,-197.0,Thursday,4,April,1.0,7863.8,-81.0,7876.0,7922.0,7826.0,8178.0,8158.0,181.0,283.0,152.0,187.0,163.0,265.0,210.0,284.0,7940.4,137.53108739481397,-102.0,2023,-197.0
2023-04-16,191.0,283.0,192.0,7380.0,272.0,-80.0,Sunday,4,April,3.0,7759.8,-415.0,7795.0,7876.0,7922.0,7900.0,7981.0,173.0,370.0,181.0,283.0,152.0,187.0,149.0,329.0,7863.8,52.461414391912186,-197.0,2023,-80.0
2023-04-17,170.0,297.0,196.0,7344.0,248.0,-52.0,Monday,4,April,1.0,7663.4,-36.0,7380.0,7795.0,7876.0,7826.0,8054.0,192.0,272.0,173.0,370.0,181.0,283.0,163.0,265.0,7759.8,217.76179646577117,-80.0,2023,-52.0
2023-04-18,152.0,272.0,214.0,7376.0,234.0,-20.0,Tuesday,4,April,1.0,7554.2,32.0,7344.0,7380.0,7795.0,7922.0,8068.0,196.0,248.0,192.0,272.0,173.0,370.0,152.0,187.0,7663.4,279.1608855122793,-52.0,2023,-20.0
2023-04-19,239.0,367.0,224.0,7356.0,229.0,-5.0,Wednesday,4,April,1.0,7450.2,-20.0,7376.0,7344.0,7380.0,7876.0,8175.0,214.0,234.0,196.0,248.0,192.0,272.0,181.0,283.0,7554.2,258.75896119748177,-20.0,2023,-5.0
2023-04-20,113.0,280.0,237.0,7490.0,320.0,-83.0,Thursday,4,April,1.0,7389.2,134.0,7356.0,7376.0,7344.0,7795.0,8178.0,224.0,229.0,214.0,234.0,196.0,248.0,173.0,370.0,7450.2,193.3085616313976,-5.0,2023,-83.0
2023-04-23,196.0,306.0,187.0,7534.0,266.0,-79.0,Sunday,4,April,3.0,7420.0,44.0,7490.0,7356.0,7376.0,7380.0,7900.0,237.0,320.0,224.0,229.0,214.0,234.0,192.0,272.0,7389.2,58.23401068104301,-83.0,2023,-79.0
2023-04-24,236.0,330.0,222.0,7796.0,213.0,9.0,Monday,4,April,1.0,7510.4,262.0,7534.0,7490.0,7356.0,7344.0,7826.0,187.0,266.0,237.0,320.0,224.0,229.0,196.0,248.0,7420.0,86.17424209124111,-79.0,2023,9.0
2023-04-25,81.0,230.0,242.0,8017.0,202.0,40.0,Tuesday,4,April,1.0,7638.6,221.0,7796.0,7534.0,7490.0,7376.0,7922.0,222.0,213.0,187.0,266.0,237.0,320.0,214.0,234.0,7510.4,176.3825388183305,9.0,2023,40.0
2023-04-26,118.0,245.0,160.0,8117.0,256.0,-96.0,Wednesday,4,April,1.0,7790.8,100.0,8017.0,7796.0,7534.0,7356.0,7876.0,242.0,202.0,222.0,213.0,187.0,266.0,224.0,229.0,7638.6,264.9750931691502,40.0,2023,-96.0
2023-04-27,218.0,283.0,208.0,8159.0,310.0,-102.0,Thursday,4,April,1.0,7924.6,42.0,8117.0,8017.0,7796.0,7490.0,7795.0,160.0,256.0,242.0,202.0,222.0,213.0,237.0,320.0,7790.8,280.19047093004394,-96.0,2023,-102.0
2023-04-30,132.0,243.0,183.0,8352.0,293.0,-110.0,Sunday,4,April,3.0,8088.2,193.0,8159.0,8117.0,8017.0,7534.0,7380.0,208.0,310.0,160.0,256.0,242.0,202.0,187.0,266.0,7924.6,259.61760340932153,-102.0,2023,-110.0
2023-05-01,224.0,315.0,152.0,8492.0,237.0,-85.0,Monday,5,May,1.0,8227.4,140.0,8352.0,8159.0,8117.0,7796.0,7344.0,183.0,293.0,208.0,310.0,160.0,256.0,222.0,213.0,8088.2,203.64356115526886,-110.0,2023,-85.0
2023-05-02,167.0,326.0,213.0,8654.0,245.0,-32.0,Tuesday,5,May,1.0,8354.8,162.0,8492.0,8352.0,8159.0,8017.0,7376.0,152.0,237.0,183.0,293.0,208.0,310.0,242.0,202.0,8227.4,191.48968640634348,-85.0,2023,-32.0
2023-05-03,209.0,353.0,232.0,8704.0,267.0,-35.0,Wednesday,5,May,1.0,8472.2,50.0,8654.0,8492.0,8352.0,8117.0,7356.0,213.0,245.0,152.0,237.0,183.0,293.0,160.0,256.0,8354.8,225.41007075993713,-32.0,2023,-35.0
2023-05-04,153.0,253.0,286.0,8790.0,332.0,-46.0,Thursday,5,May,1.0,8598.4,86.0,8704.0,8654.0,8492.0,8159.0,7490.0,232.0,267.0,213.0,245.0,152.0,237.0,208.0,310.0,8472.2,223.44842805443915,-35.0,2023,-46.0
2023-05-07,180.0,337.0,219.0,8485.0,375.0,-156.0,Sunday,5,May,3.0,8625.0,-305.0,8790.0,8704.0,8654.0,8352.0,7534.0,286.0,332.0,232.0,267.0,213.0,245.0,183.0,293.0,8598.4,175.34765467493375,-46.0,2023,-156.0
2023-05-08,133.0,287.0,189.0,8590.0,261.0,-72.0,Monday,5,May,1.0,8644.6,105.0,8485.0,8790.0,8704.0,8492.0,7796.0,219.0,375.0,286.0,332.0,232.0,267.0,152.0,237.0,8625.0,133.78714437493554,-156.0,2023,-72.0
2023-05-09,187.0,310.0,247.0,8606.0,250.0,-3.0,Tuesday,5,May,1.0,8635.0,16.0,8590.0,8485.0,8790.0,8654.0,8017.0,189.0,261.0,219.0,375.0,286.0,332.0,213.0,245.0,8644.6,115.33776484742475,-72.0,2023,-3.0
2023-05-10,168.0,285.0,210.0,8681.0,304.0,-94.0,Wednesday,5,May,1.0,8630.4,75.0,8606.0,8590.0,8485.0,8704.0,8117.0,247.0,250.0,189.0,261.0,219.0,375.0,232.0,267.0,8635.0,116.35291143757362,-3.0,2023,-94.0
2023-05-11,269.0,412.0,204.0,8672.0,392.0,-188.0,Thursday,5,May,1.0,8606.8,-9.0,8681.0,8606.0,8590.0,8790.0,8159.0,210.0,304.0,247.0,250.0,189.0,261.0,286.0,332.0,8630.4,113.35916372309677,-94.0,2023,-188.0
2023-05-14,100.0,255.0,236.0,8445.0,288.0,-52.0,Sunday,5,May,3.0,8598.8,-227.0,8672.0,8681.0,8606.0,8485.0,8352.0,204.0,392.0,210.0,304.0,247.0,250.0,219.0,375.0,8606.8,78.85873445598689,-188.0,2023,-52.0
2023-05-15,205.0,294.0,177.0,8571.0,277.0,-100.0,Monday,5,May,1.0,8595.0,126.0,8445.0,8672.0,8681.0,8590.0,8492.0,236.0,288.0,204.0,392.0,210.0,304.0,189.0,261.0,8598.8,94.7348932548079,-52.0,2023,-100.0
2023-05-16,161.0,304.0,211.0,8572.0,272.0,-61.0,Tuesday,5,May,1.0,8588.2,1.0,8571.0,8445.0,8672.0,8606.0,8654.0,177.0,277.0,236.0,288.0,204.0,392.0,247.0,250.0,8595.0,95.55364985179712,-100.0,2023,-61.0
2023-05-17,57.0,162.0,193.0,8569.0,307.0,-114.0,Wednesday,5,May,1.0,8565.8,-3.0,8572.0,8571.0,8445.0,8681.0,8704.0,211.0,272.0,177.0,277.0,236.0,288.0,210.0,304.0,8588.2,95.7846543032852,-61.0,2023,-114.0
2023-05-18,80.0,122.0,152.0,8474.0,351.0,-199.0,Thursday,5,May,1.0,8526.2,-95.0,8569.0,8572.0,8571.0,8672.0,8790.0,193.0,307.0,211.0,272.0,177.0,277.0,204.0,392.0,8565.8,80.54005214798333,-114.0,2023,-199.0
2023-05-21,107.0,170.0,133.0,7826.0,343.0,-210.0,Sunday,5,May,3.0,8402.4,-648.0,8474.0,8569.0,8572.0,8445.0,8485.0,152.0,351.0,193.0,307.0,211.0,272.0,236.0,288.0,8526.2,61.75516172758242,-199.0,2023,-210.0
2023-05-22,99.0,156.0,139.0,7848.0,240.0,-101.0,Monday,5,May,1.0,8257.8,22.0,7826.0,8474.0,8569.0,8571.0,8590.0,133.0,343.0,152.0,351.0,193.0,307.0,177.0,277.0,8402.4,324.9266070976641,-210.0,2023,-101.0
2023-05-23,25.0,66.0,94.0,7788.0,246.0,-152.0,Tuesday,5,May,1.0,8101.0,-60.0,7848.0,7826.0,8474.0,8572.0,8606.0,139.0,240.0,133.0,343.0,152.0,351.0,211.0,272.0,8257.8,386.23076003860655,-101.0,2023,-152.0
2023-05-24,35.0,70.0,53.0,7709.0,276.0,-223.0,Wednesday,5,May,1.0,7929.0,-79.0,7788.0,7848.0,7826.0,8569.0,8681.0,94.0,246.0,139.0,240.0,133.0,343.0,193.0,307.0,8101.0,385.9261587402432,-152.0,2023,-223.0
2023-05-25,43.0,73.0,64.0,7546.0,408.0,-344.0,Thursday,5,May,1.0,7743.4,-163.0,7709.0,7788.0,7848.0,8474.0,8672.0,53.0,276.0,94.0,246.0,139.0,240.0,152.0,351.0,7929.0,309.2232203441375,-223.0,2023,-344.0
2023-05-29,41.0,60.0,71.0,6996.0,207.0,-136.0,Monday,5,May,4.0,7577.4,-550.0,7546.0,7709.0,7788.0,7826.0,8445.0,64.0,408.0,53.0,276.0,94.0,246.0,133.0,343.0,7743.4,122.37565117293009,-344.0,2023,-136.0
2023-05-30,65.0,83.0,65.0,7046.0,168.0,-103.0,Tuesday,5,May,1.0,7417.0,50.0,6996.0,7546.0,7709.0,7848.0,8571.0,71.0,207.0,64.0,408.0,53.0,276.0,139.0,240.0,7577.4,344.2045903238343,-136.0,2023,-103.0
2023-05-31,38.0,80.0,82.0,7053.0,210.0,-128.0,Wednesday,5,May,1.0,7270.0,7.0,7046.0,6996.0,7546.0,7788.0,8572.0,65.0,168.0,71.0,207.0,64.0,408.0,94.0,246.0,7417.0,372.2996105289375,-103.0,2023,-128.0
2023-06-01,56.0,82.0,68.0,7002.0,287.0,-219.0,Thursday,6,June,1.0,7128.6,-51.0,7053.0,7046.0,6996.0,7709.0,8569.0,82.0,210.0,65.0,168.0,71.0,207.0,53.0,276.0,7270.0,332.12874009937553,-128.0,2023,-219.0
2023-06-04,74.0,103.0,80.0,6555.0,292.0,-212.0,Sunday,6,June,3.0,6930.4,-447.0,7002.0,7053.0,7046.0,7546.0,8474.0,68.0,287.0,82.0,210.0,65.0,168.0,64.0,408.0,7128.6,234.71855486944054,-219.0,2023,-212.0
2023-06-05,68.0,107.0,102.0,6523.0,189.0,-87.0,Monday,6,June,1.0,6835.8,-32.0,6555.0,7002.0,7053.0,6996.0,7826.0,80.0,292.0,68.0,287.0,82.0,210.0,71.0,207.0,6930.4,211.39370851564757,-212.0,2023,-87.0
2023-06-06,92.0,124.0,93.0,6508.0,187.0,-94.0,Tuesday,6,June,1.0,6728.2,-15.0,6523.0,6555.0,7002.0,7046.0,7848.0,102.0,189.0,80.0,292.0,68.0,287.0,65.0,168.0,6835.8,271.8799367367857,-87.0,2023,-94.0
2023-06-07,113.0,162.0,107.0,6483.0,208.0,-101.0,Wednesday,6,June,1.0,6614.2,-25.0,6508.0,6523.0,6555.0,7053.0,7788.0,93.0,187.0,102.0,189.0,80.0,292.0,82.0,210.0,6728.2,274.3423044300652,-94.0,2023,-101.0
2023-06-08,106.0,196.0,131.0,6446.0,255.0,-124.0,Thursday,6,June,1.0,6503.0,-37.0,6483.0,6508.0,6523.0,7002.0,7709.0,107.0,208.0,93.0,187.0,102.0,189.0,68.0,287.0,6614.2,218.34765856312396,-101.0,2023,-124.0
2023-06-11,86.0,152.0,168.0,6007.0,238.0,-70.0,Sunday,6,June,3.0,6393.4,-439.0,6446.0,6483.0,6508.0,6555.0,7546.0,131.0,255.0,107.0,208.0,93.0,187.0,80.0,292.0,6503.0,41.164304925487784,-124.0,2023,-70.0
2023-06-12,84.0,118.0,136.0,6021.0,177.0,-41.0,Monday,6,June,1.0,6293.0,14.0,6007.0,6446.0,6483.0,6523.0,6996.0,168.0,238.0,131.0,255.0,107.0,208.0,102.0,189.0,6393.4,217.96169388220144,-70.0,2023,-41.0
2023-06-13,59.0,64.0,117.0,6061.0,146.0,-29.0,Tuesday,6,June,1.0,6203.6,40.0,6021.0,6007.0,6446.0,6508.0,7046.0,136.0,177.0,168.0,238.0,131.0,255.0,93.0,187.0,6293.0,255.6921977691116,-41.0,2023,-29.0
2023-06-14,62.0,97.0,52.0,6065.0,167.0,-115.0,Wednesday,6,June,1.0,6120.0,4.0,6061.0,6021.0,6007.0,6483.0,7053.0,117.0,146.0,136.0,177.0,168.0,238.0,107.0,208.0,6203.6,239.348699599556,-29.0,2023,-115.0
2023-06-15,91.0,75.0,97.0,6038.0,272.0,-175.0,Thursday,6,June,1.0,6038.4,-27.0,6065.0,6061.0,6021.0,6446.0,7002.0,52.0,167.0,117.0,146.0,136.0,177.0,131.0,255.0,6120.0,183.95108045346873,-115.0,2023,-175.0
2023-06-19,29.0,51.0,11.0,5679.0,142.0,-131.0,Monday,6,June,4.0,5972.8,-359.0,6038.0,6065.0,6061.0,6007.0,6555.0,97.0,272.0,52.0,167.0,117.0,146.0,168.0,238.0,6038.4,25.035974117228395,-175.0,2023,-131.0
2023-06-20,33.0,53.0,34.0,5904.0,134.0,-100.0,Tuesday,6,June,1.0,5949.4,225.0,5679.0,6038.0,6065.0,6021.0,6523.0,11.0,142.0,97.0,272.0,52.0,167.0,136.0,177.0,5972.8,165.20653740091083,-131.0,2023,-100.0
2023-06-21,93.0,196.0,169.0,5922.0,149.0,20.0,Wednesday,6,June,1.0,5921.6,18.0,5904.0,5679.0,6038.0,6061.0,6508.0,34.0,134.0,11.0,142.0,97.0,272.0,117.0,146.0,5949.4,164.95847962441502,-100.0,2023,20.0
2023-06-22,124.0,234.0,161.0,5956.0,207.0,-46.0,Thursday,6,June,1.0,5899.8,34.0,5922.0,5904.0,5679.0,6065.0,6483.0,169.0,149.0,34.0,134.0,11.0,142.0,52.0,167.0,5921.6,152.7065813905823,20.0,2023,-46.0
2023-06-25,92.0,203.0,173.0,5766.0,263.0,-90.0,Sunday,6,June,3.0,5845.4,-190.0,5956.0,5922.0,5904.0,6038.0,6446.0,161.0,207.0,169.0,149.0,34.0,134.0,97.0,272.0,5899.8,133.71686505448199,-46.0,2023,-90.0
2023-06-26,186.0,259.0,172.0,5819.0,174.0,-2.0,Monday,6,June,1.0,5873.4,53.0,5766.0,5956.0,5922.0,5679.0,6007.0,173.0,263.0,161.0,207.0,169.0,149.0,11.0,142.0,5845.4,117.82105075069796,-90.0,2023,-2.0
2023-06-27,154.0,225.0,220.0,5917.0,155.0,65.0,Tuesday,6,June,1.0,5876.0,98.0,5819.0,5766.0,5956.0,5904.0,6021.0,172.0,174.0,173.0,263.0,161.0,207.0,34.0,134.0,5873.4,78.44615988051012,-2.0,2023,65.0
2023-06-28,91.0,199.0,172.0,5999.0,174.0,-2.0,Wednesday,6,June,1.0,5891.4,82.0,5917.0,5819.0,5766.0,5922.0,6061.0,220.0,155.0,172.0,174.0,173.0,263.0,169.0,149.0,5876.0,79.91558045837215,65.0,2023,-2.0
2023-06-29,81.0,213.0,153.0,6058.0,213.0,-60.0,Thursday,6,June,1.0,5911.8,59.0,5999.0,5917.0,5819.0,5956.0,6065.0,172.0,174.0,220.0,155.0,172.0,174.0,161.0,207.0,5891.4,96.66074694517194,-2.0,2023,-60.0
2023-07-02,209.0,285.0,184.0,5903.0,309.0,-125.0,Sunday,7,July,3.0,5939.2,-155.0,6058.0,5999.0,5917.0,5766.0,6038.0,153.0,213.0,172.0,174.0,220.0,155.0,173.0,263.0,5911.8,121.32064952018081,-60.0,2023,-125.0
2023-07-04,184.0,314.0,217.0,6127.0,124.0,93.0,Tuesday,7,July,2.0,6000.8,224.0,5903.0,6058.0,5999.0,5819.0,5679.0,184.0,309.0,153.0,213.0,172.0,174.0,172.0,174.0,5939.2,92.11514533451347,-125.0,2023,93.0
2023-07-05,107.0,215.0,230.0,6193.0,167.0,63.0,Wednesday,7,July,1.0,6056.0,66.0,6127.0,5903.0,6058.0,5917.0,5904.0,217.0,124.0,184.0,309.0,153.0,213.0,220.0,155.0,6000.8,94.58964002467997,93.0,2023,63.0
2023-07-06,101.0,162.0,178.0,6239.0,205.0,-27.0,Thursday,7,July,1.0,6104.0,46.0,6193.0,6127.0,5903.0,5999.0,5922.0,230.0,167.0,217.0,124.0,184.0,309.0,172.0,174.0,6056.0,112.3298713610878,63.0,2023,-27.0
2023-07-09,99.0,190.0,176.0,6214.0,196.0,-20.0,Sunday,7,July,3.0,6135.2,-25.0,6239.0,6193.0,6127.0,6058.0,5956.0,178.0,205.0,230.0,167.0,217.0,124.0,153.0,213.0,6104.0,131.52186130069228,-27.0,2023,-20.0
2023-07-10,167.0,239.0,166.0,6346.0,163.0,3.0,Monday,7,July,1.0,6223.8,132.0,6214.0,6239.0,6193.0,5903.0,5766.0,176.0,196.0,178.0,205.0,230.0,167.0,184.0,309.0,6135.2,136.29820248263928,-20.0,2023,3.0
2023-07-11,115.0,216.0,169.0,6498.0,143.0,26.0,Tuesday,7,July,1.0,6298.0,152.0,6346.0,6214.0,6239.0,6127.0,5819.0,166.0,163.0,176.0,196.0,178.0,205.0,217.0,124.0,6223.8,79.96686813923968,3.0,2023,26.0
2023-07-12,84.0,158.0,193.0,6521.0,210.0,-17.0,Wednesday,7,July,1.0,6363.6,23.0,6498.0,6346.0,6214.0,6193.0,5917.0,169.0,143.0,166.0,163.0,176.0,196.0,230.0,167.0,6298.0,126.35861664326079,26.0,2023,-17.0
2023-07-13,130.0,227.0,192.0,6604.0,226.0,-34.0,Thursday,7,July,1.0,6436.6,83.0,6521.0,6498.0,6346.0,6239.0,5999.0,193.0,210.0,169.0,143.0,166.0,163.0,178.0,205.0,6363.6,142.3492184734378,-17.0,2023,-34.0
2023-07-16,88.0,214.0,160.0,6468.0,218.0,-58.0,Sunday,7,July,3.0,6487.4,-136.0,6604.0,6521.0,6498.0,6214.0,6058.0,192.0,226.0,193.0,210.0,169.0,143.0,176.0,196.0,6436.6,155.46317892027838,-34.0,2023,-58.0
2023-07-17,113.0,208.0,159.0,6632.0,160.0,-1.0,Monday,7,July,1.0,6544.6,164.0,6468.0,6604.0,6521.0,6346.0,5903.0,160.0,218.0,192.0,226.0,193.0,210.0,166.0,163.0,6487.4,93.81790873814265,-58.0,2023,-1.0
2023-07-18,174.0,285.0,150.0,6874.0,181.0,-31.0,Tuesday,7,July,1.0,6619.8,242.0,6632.0,6468.0,6604.0,6498.0,6127.0,159.0,160.0,160.0,218.0,192.0,226.0,169.0,143.0,6544.6,70.29082443675325,-1.0,2023,-31.0
2023-07-19,104.0,230.0,206.0,7001.0,226.0,-20.0,Wednesday,7,July,1.0,6715.8,127.0,6874.0,6632.0,6468.0,6521.0,6193.0,150.0,181.0,159.0,160.0,160.0,218.0,193.0,210.0,6619.8,156.38158459357817,-31.0,2023,-20.0
2023-07-20,147.0,276.0,214.0,7116.0,281.0,-67.0,Thursday,7,July,1.0,6818.2,115.0,7001.0,6874.0,6632.0,6604.0,6239.0,206.0,226.0,150.0,181.0,159.0,160.0,192.0,226.0,6715.8,216.38669090311083,-20.0,2023,-67.0
2023-07-23,108.0,220.0,213.0,7052.0,276.0,-63.0,Sunday,7,July,3.0,6935.0,-64.0,7116.0,7001.0,6874.0,6468.0,6214.0,214.0,281.0,206.0,226.0,150.0,181.0,160.0,218.0,6818.2,265.76531000113323,-67.0,2023,-63.0
2023-07-24,180.0,280.0,146.0,7220.0,187.0,-41.0,Monday,7,July,1.0,7052.6,168.0,7052.0,7116.0,7001.0,6632.0,6346.0,213.0,276.0,214.0,281.0,206.0,226.0,159.0,160.0,6935.0,191.26944345607967,-63.0,2023,-41.0
2023-07-25,134.0,294.0,186.0,7510.0,136.0,50.0,Tuesday,7,July,1.0,7179.8,290.0,7220.0,7052.0,7116.0,6874.0,6498.0,146.0,187.0,213.0,276.0,214.0,281.0,150.0,181.0,7052.6,129.03797890543095,-41.0,2023,50.0
2023-07-26,202.0,313.0,158.0,7647.0,215.0,-57.0,Wednesday,7,July,1.0,7309.0,137.0,7510.0,7220.0,7052.0,7001.0,6521.0,186.0,136.0,146.0,187.0,213.0,276.0,206.0,226.0,7179.8,201.87917178351609,50.0,2023,-57.0
2023-07-27,110.0,272.0,193.0,7754.0,259.0,-66.0,Thursday,7,July,1.0,7436.6,107.0,7647.0,7510.0,7220.0,7116.0,6604.0,158.0,215.0,186.0,136.0,146.0,187.0,214.0,281.0,7309.0,257.81000756370645,-57.0,2023,-66.0
2023-07-30,166.0,277.0,229.0,7671.0,305.0,-76.0,Sunday,7,July,3.0,7560.4,-83.0,7754.0,7647.0,7510.0,7052.0,6468.0,193.0,259.0,158.0,215.0,186.0,136.0,213.0,276.0,7436.6,293.7818918857974,-66.0,2023,-76.0
2023-07-31,136.0,276.0,178.0,7800.0,220.0,-42.0,Monday,7,July,1.0,7676.4,129.0,7671.0,7754.0,7647.0,7220.0,6632.0,229.0,305.0,193.0,259.0,158.0,215.0,146.0,187.0,7560.4,209.5383019879619,-76.0,2023,-42.0
2023-08-01,87.0,246.0,173.0,8103.0,168.0,5.0,Tuesday,8,August,1.0,7795.0,303.0,7800.0,7671.0,7754.0,7510.0,6874.0,178.0,220.0,229.0,305.0,193.0,259.0,186.0,136.0,7676.4,111.67049744672208,-42.0,2023,5.0
2023-08-02,84.0,171.0,157.0,8261.0,271.0,-114.0,Wednesday,8,August,1.0,7917.8,158.0,8103.0,7800.0,7671.0,7647.0,7001.0,173.0,168.0,178.0,220.0,229.0,305.0,158.0,215.0,7795.0,182.92758129926276,5.0,2023,-114.0
2023-08-03,167.0,209.0,157.0,8294.0,339.0,-182.0,Thursday,8,August,1.0,8025.8,33.0,8261.0,8103.0,7800.0,7754.0,7116.0,157.0,271.0,173.0,168.0,178.0,220.0,193.0,259.0,7917.8,251.84459493901863,-114.0,2023,-182.0
2023-08-06,109.0,245.0,159.0,8298.0,322.0,-163.0,Sunday,8,August,3.0,8151.2,4.0,8294.0,8261.0,8103.0,7671.0,7052.0,157.0,339.0,157.0,271.0,173.0,168.0,229.0,305.0,8025.8,278.42359813779854,-182.0,2023,-163.0
2023-08-07,156.0,256.0,176.0,8493.0,202.0,-26.0,Monday,8,August,1.0,8289.8,195.0,8298.0,8294.0,8261.0,7800.0,7220.0,159.0,322.0,157.0,339.0,157.0,271.0,178.0,220.0,8151.2,211.9332442067509,-163.0,2023,-26.0
2023-08-08,125.0,232.0,192.0,8725.0,207.0,-15.0,Tuesday,8,August,1.0,8414.2,232.0,8493.0,8298.0,8294.0,8103.0,7510.0,176.0,202.0,159.0,322.0,157.0,339.0,173.0,168.0,8289.8,138.83335334132929,-26.0,2023,-15.0
2023-08-09,118.0,139.0,168.0,8888.0,251.0,-83.0,Wednesday,8,August,1.0,8539.6,163.0,8725.0,8493.0,8298.0,8261.0,7647.0,192.0,207.0,176.0,202.0,159.0,322.0,157.0,271.0,8414.2,196.35860052464818,-15.0,2023,-83.0
2023-08-10,142.0,235.0,139.0,8914.0,353.0,-214.0,Thursday,8,August,1.0,8663.6,26.0,8888.0,8725.0,8493.0,8294.0,7754.0,168.0,251.0,192.0,207.0,176.0,202.0,157.0,339.0,8539.6,262.9720517469457,-83.0,2023,-214.0
2023-08-16,148.0,245.0,175.0,9634.0,288.0,-113.0,Wednesday,8,August,6.0,8930.8,720.0,8914.0,8888.0,8725.0,8298.0,7671.0,139.0,353.0,168.0,251.0,192.0,207.0,159.0,322.0,8663.6,264.3828663132281,-214.0,2023,-113.0
2023-08-17,119.0,219.0,210.0,9694.0,407.0,-197.0,Thursday,8,August,1.0,9171.0,60.0,9634.0,8914.0,8888.0,8493.0,7800.0,175.0,288.0,139.0,353.0,168.0,251.0,176.0,202.0,8930.8,427.3835513914853,-113.0,2023,-197.0
2023-08-20,105.0,210.0,149.0,9483.0,390.0,-241.0,Sunday,8,August,3.0,9322.6,-211.0,9694.0,9634.0,8914.0,8725.0,8103.0,210.0,407.0,175.0,288.0,139.0,353.0,192.0,207.0,9171.0,456.3310202035343,-197.0,2023,-241.0
2023-08-21,143.0,203.0,163.0,9668.0,281.0,-118.0,Monday,8,August,1.0,9478.6,185.0,9483.0,9694.0,9634.0,8888.0,8261.0,149.0,390.0,210.0,407.0,175.0,288.0,168.0,251.0,9322.6,392.57712618031945,-241.0,2023,-118.0
2023-08-22,119.0,209.0,152.0,9921.0,230.0,-78.0,Tuesday,8,August,1.0,9680.0,253.0,9668.0,9483.0,9694.0,8914.0,8294.0,163.0,281.0,149.0,390.0,210.0,407.0,139.0,353.0,9478.6,326.04110170344836,-118.0,2023,-78.0
2023-08-23,155.0,212.0,181.0,10071.0,285.0,-104.0,Wednesday,8,August,1.0,9767.4,150.0,9921.0,9668.0,9483.0,9634.0,8298.0,152.0,230.0,163.0,281.0,149.0,390.0,175.0,288.0,9680.0,157.5960024873674,-78.0,2023,-104.0
2023-08-24,109.0,214.0,173.0,10026.0,443.0,-270.0,Thursday,8,August,1.0,9833.8,-45.0,10071.0,9921.0,9668.0,9694.0,8493.0,181.0,285.0,152.0,230.0,163.0,281.0,210.0,407.0,9767.4,230.17232674671894,-104.0,2023,-270.0
2023-08-27,191.0,283.0,192.0,9873.0,488.0,-296.0,Sunday,8,August,3.0,9911.8,-153.0,10026.0,10071.0,9921.0,9483.0,8725.0,173.0,443.0,181.0,285.0,152.0,230.0,149.0,390.0,9833.8,250.67847933159,-270.0,2023,-296.0
2023-08-28,170.0,297.0,196.0,10012.0,388.0,-192.0,Monday,8,August,1.0,9980.6,139.0,9873.0,10026.0,10071.0,9668.0,8888.0,192.0,488.0,173.0,443.0,181.0,285.0,163.0,281.0,9911.8,157.650562954905,-296.0,2023,-192.0
2023-08-29,152.0,272.0,214.0,10180.0,286.0,-72.0,Tuesday,8,August,1.0,10032.4,168.0,10012.0,9873.0,10026.0,9921.0,8914.0,196.0,388.0,192.0,488.0,173.0,443.0,152.0,230.0,9980.6,81.16218331217144,-192.0,2023,-72.0
2023-08-30,239.0,367.0,224.0,10280.0,366.0,-142.0,Wednesday,8,August,1.0,10074.2,100.0,10180.0,10012.0,9873.0,10071.0,9634.0,214.0,286.0,196.0,388.0,192.0,488.0,181.0,285.0,10032.4,110.83907253310328,-72.0,2023,-142.0
2023-08-31,113.0,280.0,237.0,10140.0,505.0,-268.0,Thursday,8,August,1.0,10097.0,-140.0,10280.0,10180.0,10012.0,10026.0,9694.0,224.0,366.0,214.0,286.0,196.0,388.0,173.0,443.0,10074.2,158.28834448562054,-142.0,2023,-268.0
2023-09-04,196.0,306.0,187.0,9988.0,293.0,-106.0,Monday,9,September,4.0,10120.0,-152.0,10140.0,10280.0,10180.0,9873.0,9483.0,237.0,505.0,224.0,366.0,214.0,286.0,192.0,488.0,10097.0,157.81951717071772,-268.0,2023,-106.0
2023-09-05,236.0,330.0,222.0,10142.0,243.0,-21.0,Tuesday,9,September,1.0,10146.0,154.0,9988.0,10140.0,10280.0,10012.0,9668.0,187.0,293.0,237.0,505.0,224.0,366.0,196.0,388.0,10120.0,121.12803143780742,-106.0,2023,-21.0
2023-09-06,81.0,230.0,242.0,10356.0,291.0,-49.0,Wednesday,9,September,1.0,10181.2,214.0,10142.0,9988.0,10140.0,10180.0,9921.0,222.0,243.0,187.0,293.0,237.0,505.0,214.0,286.0,10146.0,105.03332804399975,-21.0,2023,-49.0
2023-09-07,118.0,245.0,160.0,10419.0,398.0,-238.0,Thursday,9,September,1.0,10209.0,63.0,10356.0,10142.0,9988.0,10280.0,10071.0,242.0,291.0,222.0,243.0,187.0,293.0,224.0,366.0,10181.2,142.1942333570473,-49.0,2023,-238.0
2023-09-10,218.0,283.0,208.0,10282.0,382.0,-174.0,Sunday,9,September,3.0,10237.4,-137.0,10419.0,10356.0,10142.0,10140.0,10026.0,160.0,398.0,242.0,291.0,222.0,243.0,237.0,505.0,10209.0,175.9261208575874,-238.0,2023,-174.0
2023-09-11,132.0,243.0,183.0,10492.0,277.0,-94.0,Monday,9,September,1.0,10338.2,210.0,10282.0,10419.0,10356.0,9988.0,9873.0,208.0,382.0,160.0,398.0,242.0,291.0,187.0,293.0,10237.4,173.4468218215556,-174.0,2023,-94.0
2023-09-12,224.0,315.0,152.0,10649.0,316.0,-164.0,Tuesday,9,September,1.0,10439.6,157.0,10492.0,10282.0,10419.0,10142.0,10012.0,183.0,277.0,208.0,382.0,160.0,398.0,222.0,243.0,10338.2,134.30636619311255,-94.0,2023,-164.0
2023-09-13,167.0,326.0,213.0,10678.0,343.0,-130.0,Wednesday,9,September,1.0,10504.0,29.0,10649.0,10492.0,10282.0,10356.0,10180.0,152.0,316.0,183.0,277.0,208.0,382.0,242.0,291.0,10439.6,140.3969372885263,-164.0,2023,-130.0
2023-09-14,209.0,353.0,232.0,10837.0,414.0,-182.0,Thursday,9,September,1.0,10587.6,159.0,10678.0,10649.0,10492.0,10419.0,10280.0,213.0,343.0,152.0,316.0,183.0,277.0,160.0,398.0,10504.0,164.2817701389852,-130.0,2023,-182.0
2023-09-17,153.0,253.0,286.0,10799.0,427.0,-141.0,Sunday,9,September,3.0,10691.0,-38.0,10837.0,10678.0,10649.0,10282.0,10140.0,232.0,414.0,213.0,343.0,152.0,316.0,208.0,382.0,10587.6,210.1625561321482,-182.0,2023,-141.0
2023-09-18,180.0,337.0,219.0,10892.0,313.0,-94.0,Monday,9,September,1.0,10771.0,93.0,10799.0,10837.0,10678.0,10492.0,9988.0,286.0,427.0,232.0,414.0,213.0,343.0,183.0,277.0,10691.0,136.48626304503435,-141.0,2023,-94.0
2023-09-19,133.0,287.0,189.0,11095.0,260.0,-71.0,Tuesday,9,September,1.0,10860.2,203.0,10892.0,10799.0,10837.0,10649.0,10142.0,219.0,313.0,286.0,427.0,232.0,414.0,152.0,316.0,10771.0,104.06007880065394,-94.0,2023,-71.0
2023-09-20,187.0,310.0,247.0,11064.0,364.0,-117.0,Wednesday,9,September,1.0,10937.4,-31.0,11095.0,10892.0,10799.0,10678.0,10356.0,189.0,260.0,219.0,313.0,286.0,427.0,213.0,343.0,10860.2,152.989215306172,-71.0,2023,-117.0
2023-09-21,168.0,285.0,210.0,11067.0,428.0,-218.0,Thursday,9,September,1.0,10983.4,3.0,11064.0,11095.0,10892.0,10837.0,10419.0,247.0,364.0,189.0,260.0,219.0,313.0,232.0,414.0,10937.4,134.31418391219233,-117.0,2023,-218.0
2023-09-24,269.0,412.0,204.0,10744.0,403.0,-199.0,Sunday,9,September,3.0,10972.4,-323.0,11067.0,11064.0,11095.0,10799.0,10282.0,210.0,428.0,247.0,364.0,189.0,260.0,286.0,427.0,10983.4,130.66866495069982,-218.0,2023,-199.0
2023-09-25,100.0,255.0,236.0,10842.0,284.0,-48.0,Monday,9,September,1.0,10962.4,98.0,10744.0,11067.0,11064.0,10892.0,10492.0,204.0,403.0,210.0,428.0,247.0,364.0,219.0,313.0,10972.4,150.83202577701542,-199.0,2023,-48.0
2023-09-26,205.0,294.0,177.0,10978.0,332.0,-155.0,Tuesday,9,September,1.0,10939.0,136.0,10842.0,10744.0,11067.0,11095.0,10649.0,236.0,284.0,204.0,403.0,210.0,428.0,189.0,260.0,10962.4,158.93489233015586,-48.0,2023,-155.0
2023-09-27,161.0,304.0,211.0,11017.0,331.0,-120.0,Wednesday,9,September,1.0,10929.6,39.0,10978.0,10842.0,10744.0,11064.0,10678.0,177.0,332.0,236.0,284.0,204.0,403.0,247.0,364.0,10939.0,142.27086841654625,-155.0,2023,-120.0
2023-09-28,57.0,162.0,193.0,10984.0,447.0,-254.0,Thursday,9,September,1.0,10913.0,-33.0,11017.0,10978.0,10842.0,11067.0,10837.0,211.0,331.0,177.0,332.0,236.0,284.0,210.0,428.0,10929.6,133.21148599125456,-120.0,2023,-254.0
2023-10-01,80.0,122.0,152.0,10598.0,493.0,-341.0,Sunday,10,October,3.0,10883.8,-386.0,10984.0,11017.0,10978.0,10744.0,10799.0,193.0,447.0,211.0,331.0,177.0,332.0,204.0,403.0,10913.0,115.84903970252938,-254.0,2023,-341.0
2023-10-02,107.0,170.0,133.0,10724.0,284.0,-151.0,Monday,10,October,1.0,10860.2,126.0,10598.0,10984.0,11017.0,10842.0,10892.0,152.0,493.0,193.0,447.0,211.0,331.0,236.0,284.0,10883.8,173.26626907738898,-341.0,2023,-151.0
2023-10-03,99.0,156.0,139.0,10818.0,287.0,-148.0,Tuesday,10,October,1.0,10828.2,94.0,10724.0,10598.0,10984.0,10978.0,11095.0,133.0,284.0,152.0,493.0,193.0,447.0,177.0,332.0,10860.2,187.8089454738464,-151.0,2023,-148.0
2023-10-04,25.0,66.0,94.0,10963.0,330.0,-236.0,Wednesday,10,October,1.0,10817.4,145.0,10818.0,10724.0,10598.0,11017.0,11064.0,139.0,287.0,133.0,284.0,152.0,493.0,211.0,331.0,10828.2,175.97783951395195,-148.0,2023,-236.0
2023-10-05,35.0,70.0,53.0,11130.0,427.0,-374.0,Thursday,10,October,1.0,10846.6,167.0,10963.0,10818.0,10724.0,10984.0,11067.0,94.0,330.0,139.0,287.0,133.0,284.0,193.0,447.0,10817.4,162.64624188710386,-236.0,2023,-374.0
2023-10-09,43.0,73.0,64.0,10815.0,282.0,-218.0,Monday,10,October,4.0,10890.0,-315.0,11130.0,10963.0,10818.0,10598.0,10744.0,53.0,427.0,94.0,330.0,139.0,287.0,152.0,493.0,10846.6,207.0719681656555,-374.0,2023,-218.0
2023-10-10,41.0,60.0,71.0,10910.0,257.0,-186.0,Tuesday,10,October,1.0,10927.2,95.0,10815.0,11130.0,10963.0,10724.0,10842.0,64.0,282.0,53.0,427.0,94.0,330.0,133.0,284.0,10890.0,159.13359167692474,-218.0,2023,-186.0
2023-10-11,65.0,83.0,65.0,10960.0,266.0,-201.0,Wednesday,10,October,1.0,10955.6,50.0,10910.0,10815.0,11130.0,10818.0,10978.0,71.0,257.0,64.0,282.0,53.0,427.0,139.0,287.0,10927.2,129.63294334388237,-186.0,2023,-201.0
2023-10-12,38.0,80.0,82.0,10992.0,398.0,-316.0,Thursday,10,October,1.0,10961.4,32.0,10960.0,10910.0,10815.0,10963.0,11017.0,65.0,266.0,71.0,257.0,64.0,282.0,94.0,330.0,10955.6,114.38662509226414,-201.0,2023,-316.0
2023-10-15,56.0,82.0,68.0,10571.0,434.0,-366.0,Sunday,10,October,3.0,10849.6,-421.0,10992.0,10960.0,10910.0,11130.0,10984.0,82.0,398.0,65.0,266.0,71.0,257.0,53.0,427.0,10961.4,115.58460105047816,-316.0,2023,-366.0
2023-10-16,74.0,103.0,80.0,10629.0,331.0,-251.0,Monday,10,October,1.0,10812.4,58.0,10571.0,10992.0,10960.0,10815.0,10598.0,68.0,434.0,82.0,398.0,65.0,266.0,64.0,282.0,10849.6,169.5060470897667,-366.0,2023,-251.0
2023-10-17,68.0,107.0,102.0,10630.0,315.0,-213.0,Tuesday,10,October,1.0,10756.4,1.0,10629.0,10571.0,10992.0,10910.0,10724.0,80.0,331.0,68.0,434.0,82.0,398.0,71.0,257.0,10812.4,197.15298628222243,-251.0,2023,-213.0
2023-10-18,92.0,124.0,93.0,10511.0,393.0,-300.0,Wednesday,10,October,1.0,10666.6,-119.0,10630.0,10629.0,10571.0,10960.0,10818.0,102.0,315.0,80.0,331.0,68.0,434.0,65.0,266.0,10756.4,202.20113748443197,-213.0,2023,-300.0
2023-10-19,113.0,162.0,107.0,10319.0,406.0,-299.0,Thursday,10,October,1.0,10532.0,-192.0,10511.0,10630.0,10629.0,10992.0,10963.0,93.0,393.0,102.0,315.0,80.0,331.0,82.0,398.0,10666.6,188.4072716218728,-300.0,2023,-299.0
2023-10-22,106.0,196.0,131.0,9506.0,454.0,-323.0,Sunday,10,October,3.0,10319.0,-813.0,10319.0,10511.0,10630.0,10571.0,11130.0,107.0,406.0,93.0,393.0,102.0,315.0,68.0,434.0,10532.0,128.78664527037805,-299.0,2023,-323.0
2023-10-23,86.0,152.0,168.0,9436.0,327.0,-159.0,Monday,10,October,1.0,10080.4,-70.0,9506.0,10319.0,10511.0,10629.0,10815.0,131.0,454.0,107.0,406.0,93.0,393.0,80.0,331.0,10319.0,471.8723344295554,-323.0,2023,-159.0
2023-10-24,84.0,118.0,136.0,9396.0,300.0,-164.0,Tuesday,10,October,1.0,9833.6,-40.0,9436.0,9506.0,10319.0,10630.0,10910.0,168.0,327.0,131.0,454.0,107.0,406.0,102.0,315.0,10080.4,567.801285662509,-159.0,2023,-164.0
2023-10-25,59.0,64.0,117.0,9351.0,293.0,-176.0,Wednesday,10,October,1.0,9601.6,-45.0,9396.0,9436.0,9506.0,10511.0,10960.0,136.0,300.0,168.0,327.0,131.0,454.0,93.0,393.0,9833.6,536.5130939688221,-164.0,2023,-176.0
2023-10-26,62.0,97.0,52.0,9235.0,390.0,-338.0,Thursday,10,October,1.0,9384.8,-116.0,9351.0,9396.0,9436.0,10319.0,10992.0,117.0,293.0,136.0,300.0,168.0,327.0,107.0,406.0,9601.6,405.0608596248201,-176.0,2023,-338.0
2023-10-29,91.0,75.0,97.0,8925.0,418.0,-321.0,Sunday,10,October,3.0,9268.6,-310.0,9235.0,9351.0,9396.0,9506.0,10571.0,52.0,390.0,117.0,293.0,136.0,300.0,131.0,454.0,9384.8,101.26549264185826,-338.0,2023,-321.0
2023-10-30,29.0,51.0,11.0,9026.0,278.0,-267.0,Monday,10,October,1.0,9186.6,101.0,8925.0,9235.0,9351.0,9436.0,10629.0,97.0,418.0,52.0,390.0,117.0,293.0,168.0,327.0,9268.6,206.29663109221696,-321.0,2023,-267.0
2023-10-31,33.0,53.0,34.0,9072.0,295.0,-261.0,Tuesday,10,October,1.0,9121.8,46.0,9026.0,8925.0,9235.0,9396.0,10630.0,11.0,278.0,97.0,418.0,52.0,390.0,136.0,300.0,9186.6,204.60034213069707,-267.0,2023,-261.0
2023-11-01,132.0,235.0,197.0,9250.0,279.0,-82.0,Wednesday,11,November,1.0,9101.6,178.0,9072.0,9026.0,8925.0,9351.0,10511.0,34.0,295.0,11.0,278.0,97.0,418.0,117.0,293.0,9121.8,170.09908876886527,-261.0,2023,-82.0
2023-11-02,174.0,208.0,256.0,9442.0,330.0,-74.0,Thursday,11,November,1.0,9143.0,192.0,9250.0,9072.0,9026.0,9235.0,10319.0,197.0,279.0,34.0,295.0,11.0,278.0,52.0,390.0,9101.6,139.28136989561182,-82.0,2023,-74.0
2023-11-05,123.0,230.0,167.0,9273.0,370.0,-203.0,Sunday,11,November,3.0,9212.6,-169.0,9442.0,9250.0,9072.0,8925.0,9506.0,256.0,330.0,197.0,279.0,34.0,295.0,97.0,418.0,9143.0,204.39178065665521,-74.0,2023,-203.0
2023-11-06,123.0,233.0,159.0,9286.0,316.0,-157.0,Monday,11,November,1.0,9264.6,13.0,9273.0,9442.0,9250.0,9026.0,9436.0,167.0,370.0,256.0,330.0,197.0,279.0,11.0,278.0,9212.6,167.52552044389608,-203.0,2023,-157.0
2023-11-07,141.0,232.0,188.0,9483.0,231.0,-43.0,Tuesday,11,November,1.0,9346.8,197.0,9286.0,9273.0,9442.0,9072.0,9396.0,159.0,316.0,167.0,370.0,256.0,330.0,34.0,295.0,9264.6,131.63130326787098,-157.0,2023,-43.0
2023-11-08,158.0,226.0,191.0,9634.0,310.0,-119.0,Wednesday,11,November,1.0,9423.6,151.0,9483.0,9286.0,9273.0,9250.0,9351.0,188.0,231.0,159.0,316.0,167.0,370.0,197.0,279.0,9346.8,107.38575324501026,-43.0,2023,-119.0
2023-11-12,96.0,160.0,233.0,9477.0,313.0,-80.0,Sunday,11,November,4.0,9430.6,-157.0,9634.0,9483.0,9286.0,9442.0,9235.0,191.0,310.0,188.0,231.0,159.0,316.0,256.0,330.0,9423.6,149.79085419343275,-119.0,2023,-80.0
2023-11-13,141.0,173.0,129.0,9510.0,287.0,-158.0,Monday,11,November,1.0,9478.0,33.0,9477.0,9634.0,9483.0,9273.0,8925.0,233.0,313.0,191.0,310.0,188.0,231.0,167.0,370.0,9430.6,151.6716848986594,-80.0,2023,-158.0
2023-11-14,116.0,181.0,182.0,9665.0,247.0,-65.0,Tuesday,11,November,1.0,9553.8,155.0,9510.0,9477.0,9634.0,9286.0,9026.0,129.0,287.0,233.0,313.0,191.0,310.0,159.0,316.0,9478.0,124.7497494987393,-158.0,2023,-65.0
2023-11-15,150.0,157.0,201.0,9762.0,316.0,-115.0,Wednesday,11,November,1.0,9609.6,97.0,9665.0,9510.0,9477.0,9483.0,9072.0,182.0,247.0,129.0,287.0,233.0,313.0,188.0,231.0,9553.8,88.91962662988544,-65.0,2023,-115.0
2023-11-16,80.0,176.0,125.0,9762.0,374.0,-249.0,Thursday,11,November,1.0,9635.2,0.0,9762.0,9665.0,9510.0,9634.0,9250.0,201.0,316.0,182.0,247.0,129.0,287.0,191.0,310.0,9609.6,116.61174897924407,-115.0,2023,-249.0
2023-11-19,116.0,188.0,164.0,9573.0,435.0,-271.0,Sunday,11,November,3.0,9654.4,-189.0,9762.0,9762.0,9665.0,9477.0,9442.0,125.0,374.0,201.0,316.0,182.0,247.0,233.0,313.0,9635.2,135.78181026926327,-249.0,2023,-271.0
2023-11-20,105.0,185.0,158.0,9638.0,298.0,-140.0,Monday,11,November,1.0,9680.0,65.0,9573.0,9762.0,9762.0,9510.0,9273.0,164.0,435.0,125.0,374.0,201.0,316.0,129.0,287.0,9654.4,112.63347637358159,-271.0,2023,-140.0
2023-11-21,136.0,246.0,123.0,9804.0,250.0,-127.0,Tuesday,11,November,1.0,9707.8,166.0,9638.0,9573.0,9762.0,9665.0,9286.0,158.0,298.0,164.0,435.0,125.0,374.0,182.0,247.0,9680.0,81.98475468035613,-140.0,2023,-127.0
2023-11-23,128.0,228.0,177.0,9838.0,283.0,-106.0,Thursday,11,November,2.0,9723.0,34.0,9804.0,9638.0,9573.0,9762.0,9483.0,123.0,250.0,158.0,298.0,164.0,435.0,201.0,316.0,9707.8,97.68930340624914,-127.0,2023,-106.0
2023-11-26,90.0,196.0,205.0,9845.0,312.0,-107.0,Sunday,11,November,3.0,9739.6,7.0,9838.0,9804.0,9638.0,9762.0,9634.0,177.0,283.0,123.0,250.0,158.0,298.0,125.0,374.0,9723.0,112.95131694671907,-106.0,2023,-107.0
2023-11-27,56.0,82.0,68.0,10123.0,214.0,-146.0,Monday,11,November,1.0,9849.6,278.0,9845.0,9838.0,9804.0,9573.0,9477.0,205.0,312.0,177.0,283.0,123.0,250.0,164.0,435.0,9739.6,125.51613442103042,-107.0,2023,-146.0
2023-11-28,74.0,103.0,80.0,10223.0,223.0,-143.0,Tuesday,11,November,1.0,9966.6,100.0,10123.0,9845.0,9838.0,9638.0,9510.0,68.0,214.0,205.0,312.0,177.0,283.0,158.0,298.0,9849.6,174.46862182065325,-146.0,2023,-143.0
2023-11-29,68.0,107.0,102.0,10398.0,284.0,-182.0,Wednesday,11,November,1.0,10085.4,175.0,10223.0,10123.0,9845.0,9804.0,9665.0,80.0,223.0,68.0,214.0,205.0,312.0,123.0,250.0,9966.6,192.33122471402834,-143.0,2023,-182.0
2023-11-30,92.0,124.0,93.0,10536.0,320.0,-227.0,Thursday,11,November,1.0,10225.0,138.0,10398.0,10223.0,10123.0,9838.0,9762.0,102.0,284.0,80.0,223.0,68.0,214.0,177.0,283.0,10085.4,243.4467087475164,-182.0,2023,-227.0
2023-12-03,132.0,235.0,197.0,10579.0,417.0,-220.0,Sunday,12,December,3.0,10371.8,43.0,10536.0,10398.0,10223.0,9845.0,9762.0,93.0,320.0,102.0,284.0,80.0,223.0,205.0,312.0,10225.0,265.2630769632255,-227.0,2023,-220.0
2023-12-04,174.0,208.0,256.0,10635.0,273.0,-17.0,Monday,12,December,1.0,10474.2,56.0,10579.0,10536.0,10398.0,10123.0,9573.0,197.0,417.0,93.0,320.0,102.0,284.0,68.0,214.0,10371.8,196.6105287109471,-220.0,2023,-17.0
2023-12-05,123.0,230.0,167.0,10761.0,261.0,-94.0,Tuesday,12,December,1.0,10581.8,126.0,10635.0,10579.0,10536.0,10223.0,9638.0,256.0,273.0,197.0,417.0,93.0,320.0,80.0,223.0,10474.2,165.5043806066721,-17.0,2023,-94.0
2023-12-06,123.0,233.0,159.0,10832.0,376.0,-217.0,Wednesday,12,December,1.0,10668.6,71.0,10761.0,10635.0,10579.0,10398.0,9804.0,167.0,261.0,256.0,273.0,197.0,417.0,102.0,284.0,10581.8,133.07028218200398,-94.0,2023,-217.0
2023-12-07,141.0,232.0,188.0,10897.0,466.0,-278.0,Thursday,12,December,1.0,10740.8,65.0,10832.0,10761.0,10635.0,10536.0,9838.0,159.0,376.0,167.0,261.0,256.0,273.0,93.0,320.0,10668.6,124.47610212405506,-217.0,2023,-278.0
2023-12-10,158.0,226.0,191.0,10871.0,411.0,-220.0,Sunday,12,December,3.0,10799.2,-26.0,10897.0,10832.0,10761.0,10579.0,9845.0,188.0,466.0,159.0,376.0,167.0,261.0,197.0,417.0,10740.8,132.7561674650116,-278.0,2023,-220.0
2023-12-11,96.0,160.0,233.0,10998.0,304.0,-71.0,Monday,12,December,1.0,10871.8,127.0,10871.0,10897.0,10832.0,10635.0,10123.0,191.0,411.0,188.0,466.0,159.0,376.0,256.0,273.0,10799.2,105.13895567294848,-220.0,2023,-71.0
2023-12-12,141.0,173.0,129.0,11077.0,259.0,-130.0,Tuesday,12,December,1.0,10935.0,79.0,10998.0,10871.0,10897.0,10761.0,10223.0,233.0,304.0,191.0,411.0,188.0,466.0,167.0,261.0,10871.8,87.21066448547573,-71.0,2023,-130.0
2023-12-13,116.0,181.0,182.0,11192.0,335.0,-153.0,Wednesday,12,December,1.0,11007.0,115.0,11077.0,10998.0,10871.0,10832.0,10398.0,129.0,259.0,233.0,304.0,191.0,411.0,159.0,376.0,10935.0,100.35188089915528,-130.0,2023,-153.0
2023-12-14,150.0,157.0,201.0,11242.0,396.0,-195.0,Thursday,12,December,1.0,11076.0,50.0,11192.0,11077.0,10998.0,10897.0,10536.0,182.0,335.0,129.0,259.0,233.0,304.0,188.0,466.0,11007.0,132.1003406505761,-153.0,2023,-195.0
2023-12-17,80.0,176.0,125.0,11092.0,456.0,-331.0,Sunday,12,December,3.0,11120.2,-150.0,11242.0,11192.0,11077.0,10871.0,10579.0,201.0,396.0,182.0,335.0,129.0,259.0,191.0,411.0,11076.0,149.2665401220188,-195.0,2023,-331.0
2023-12-18,116.0,188.0,164.0,11149.0,364.0,-200.0,Monday,12,December,1.0,11150.4,57.0,11092.0,11242.0,11192.0,10998.0,10635.0,125.0,456.0,201.0,396.0,182.0,335.0,233.0,304.0,11120.2,96.93399816368998,-331.0,2023,-200.0
2023-12-19,105.0,185.0,158.0,11291.0,272.0,-114.0,Tuesday,12,December,1.0,11193.2,142.0,11149.0,11092.0,11242.0,11077.0,10761.0,164.0,364.0,125.0,456.0,201.0,396.0,129.0,259.0,11150.4,68.77717644682882,-200.0,2023,-114.0
2023-12-20,136.0,246.0,123.0,11516.0,390.0,-267.0,Wednesday,12,December,1.0,11258.0,225.0,11291.0,11149.0,11092.0,11192.0,10832.0,158.0,272.0,164.0,364.0,125.0,456.0,182.0,335.0,11193.2,77.68976766600741,-114.0,2023,-267.0
2023-12-21,128.0,228.0,177.0,11375.0,497.0,-320.0,Thursday,12,December,1.0,11284.6,-141.0,11516.0,11291.0,11149.0,11242.0,10897.0,123.0,390.0,158.0,272.0,164.0,364.0,201.0,396.0,11258.0,163.81849712409831,-267.0,2023,-320.0
2023-12-25,90.0,196.0,205.0,11144.0,347.0,-142.0,Monday,12,December,4.0,11295.0,-231.0,11375.0,11516.0,11291.0,11092.0,10871.0,177.0,497.0,123.0,390.0,158.0,272.0,125.0,456.0,11284.6,171.2025116638135,-320.0,2023,-142.0
2023-12-26,56.0,82.0,68.0,11217.0,288.0,-220.0,Tuesday,12,December,1.0,11308.6,73.0,11144.0,11375.0,11516.0,11149.0,10998.0,205.0,347.0,177.0,497.0,123.0,390.0,164.0,364.0,11295.0,157.61820960789453,-142.0,2023,-220.0
2023-12-27,74.0,103.0,80.0,11206.0,335.0,-255.0,Wednesday,12,December,1.0,11291.6,-11.0,11217.0,11144.0,11375.0,11291.0,11077.0,68.0,288.0,205.0,347.0,177.0,497.0,158.0,272.0,11308.6,144.23695781594324,-220.0,2023,-255.0
2023-12-28,68.0,107.0,102.0,11230.0,357.0,-255.0,Thursday,12,December,1.0,11234.4,24.0,11206.0,11217.0,11144.0,11516.0,11192.0,80.0,335.0,68.0,288.0,205.0,347.0,123.0,390.0,11291.6,151.6486069833752,-255.0,2023,-255.0
2024-01-01,92.0,124.0,93.0,10870.0,290.0,-197.0,Monday,1,January,4.0,11133.4,-360.0,11230.0,11206.0,11217.0,11375.0,11242.0,102.0,357.0,80.0,335.0,68.0,288.0,177.0,497.0,11234.4,85.24846039664423,-255.0,2024,-197.0
2024-01-02,113.0,162.0,107.0,10770.0,316.0,-209.0,Tuesday,1,January,1.0,11058.6,-100.0,10870.0,11230.0,11206.0,11144.0,11092.0,93.0,290.0,102.0,357.0,80.0,335.0,205.0,347.0,11133.4,150.89996686546414,-197.0,2024,-209.0
2024-01-03,106.0,196.0,131.0,10718.0,263.0,-132.0,Wednesday,1,January,1.0,10958.8,-52.0,10770.0,10870.0,11230.0,11217.0,11149.0,107.0,316.0,93.0,290.0,102.0,357.0,68.0,288.0,11058.6,220.82527029304913,-209.0,2024,-132.0
2024-01-04,86.0,152.0,168.0,10558.0,362.0,-194.0,Thursday,1,January,1.0,10829.2,-160.0,10718.0,10770.0,10870.0,11206.0,11291.0,131.0,263.0,107.0,316.0,93.0,290.0,80.0,335.0,10958.8,242.98806555054955,-132.0,2024,-194.0
2024-01-07,84.0,118.0,136.0,9670.0,367.0,-231.0,Sunday,1,January,3.0,10517.2,-888.0,10558.0,10718.0,10770.0,11230.0,11516.0,168.0,362.0,131.0,263.0,107.0,316.0,102.0,357.0,10829.2,250.86091764162504,-194.0,2024,-231.0
2024-01-08,59.0,64.0,117.0,9670.0,367.0,-250.0,Monday,1,January,1.0,10277.2,0.0,9670.0,10558.0,10718.0,10870.0,11375.0,136.0,367.0,168.0,362.0,131.0,263.0,93.0,290.0,10517.2,486.8543930170482,-231.0,2024,-250.0
2024-01-09,62.0,97.0,52.0,9311.0,286.0,-234.0,Tuesday,1,January,1.0,9985.4,-359.0,9670.0,9670.0,10558.0,10770.0,11144.0,117.0,367.0,136.0,367.0,168.0,362.0,107.0,316.0,10277.2,559.7742402076025,-250.0,2024,-234.0
2024-01-10,91.0,75.0,97.0,9144.0,349.0,-252.0,Wednesday,1,January,1.0,9670.6,-167.0,9311.0,9670.0,9670.0,10718.0,11217.0,52.0,286.0,117.0,367.0,136.0,367.0,131.0,263.0,9985.4,616.105348134553,-234.0,2024,-252.0
2024-01-11,29.0,51.0,11.0,8829.0,476.0,-465.0,Thursday,1,January,1.0,9324.8,-315.0,9144.0,9311.0,9670.0,10558.0,11206.0,97.0,349.0,52.0,286.0,117.0,367.0,168.0,362.0,9670.6,546.3742307246918,-252.0,2024,-465.0
2024-01-15,33.0,53.0,34.0,8033.0,234.0,-200.0,Monday,1,January,4.0,8997.4,-796.0,8829.0,9144.0,9311.0,9670.0,11230.0,11.0,476.0,97.0,349.0,52.0,286.0,136.0,367.0,9324.8,359.5214875358616,-465.0,2024,-200.0
2024-01-16,32.0,49.0,39.0,8133.0,188.0,-149.0,Tuesday,1,January,1.0,8690.0,100.0,8033.0,8829.0,9144.0,9670.0,10870.0,34.0,234.0,11.0,476.0,97.0,349.0,117.0,367.0,8997.4,618.597849980097,-200.0,2024,-149.0
2024-01-17,80.0,176.0,125.0,8072.0,353.0,-228.0,Wednesday,1,January,1.0,8442.2,-61.0,8133.0,8033.0,8829.0,9311.0,10770.0,39.0,188.0,34.0,234.0,11.0,476.0,52.0,286.0,8690.0,581.5874826713505,-149.0,2024,-228.0
2024-01-18,116.0,188.0,164.0,8042.0,359.0,-195.0,Thursday,1,January,1.0,8221.8,-30.0,8072.0,8133.0,8033.0,9144.0,10718.0,125.0,353.0,39.0,188.0,34.0,234.0,97.0,349.0,8442.2,510.4495077870077,-228.0,2024,-195.0
2024-01-21,105.0,185.0,158.0,7974.0,371.0,-213.0,Sunday,1,January,3.0,8050.8,-68.0,8042.0,8072.0,8133.0,8829.0,10558.0,164.0,359.0,125.0,353.0,39.0,188.0,11.0,476.0,8221.8,341.6836255953723,-195.0,2024,-213.0
2024-01-22,136.0,246.0,123.0,8008.0,222.0,-99.0,Monday,1,January,1.0,8045.8,34.0,7974.0,8042.0,8072.0,8033.0,9670.0,158.0,371.0,164.0,359.0,125.0,353.0,34.0,234.0,8050.8,58.09216814681862,-213.0,2024,-99.0
2024-01-23,128.0,228.0,177.0,8133.0,202.0,-25.0,Tuesday,1,January,1.0,8045.8,125.0,8008.0,7974.0,8042.0,8133.0,9670.0,123.0,222.0,158.0,371.0,164.0,359.0,39.0,188.0,8045.8,61.009835272669264,-99.0,2024,-25.0
2024-01-24,90.0,196.0,205.0,8212.0,243.0,-38.0,Wednesday,1,January,1.0,8073.8,79.0,8133.0,8008.0,7974.0,8072.0,9311.0,177.0,202.0,123.0,222.0,158.0,371.0,125.0,353.0,8045.8,61.009835272669264,-25.0,2024,-38.0
2024-01-25,102.0,189.0,155.0,8180.0,293.0,-138.0,Thursday,1,January,1.0,8101.4,-32.0,8212.0,8133.0,8008.0,8042.0,9144.0,205.0,243.0,177.0,202.0,123.0,222.0,164.0,359.0,8073.8,97.34577546045996,-38.0,2024,-138.0
2024-01-28,120.0,257.0,126.0,8004.0,307.0,-181.0,Sunday,1,January,3.0,8107.4,-176.0,8180.0,8212.0,8133.0,7974.0,8829.0,155.0,293.0,205.0,243.0,177.0,202.0,158.0,371.0,8101.4,105.31286721003436,-138.0,2024,-181.0
2024-01-29,137.0,272.0,166.0,8057.0,195.0,-29.0,Monday,1,January,1.0,8117.2,53.0,8004.0,8180.0,8212.0,8008.0,8033.0,126.0,307.0,155.0,293.0,205.0,243.0,123.0,222.0,8107.4,96.7460593512642,-181.0,2024,-29.0
2024-01-30,93.0,198.0,208.0,8182.0,187.0,21.0,Tuesday,1,January,1.0,8127.0,125.0,8057.0,8004.0,8180.0,8133.0,8133.0,166.0,195.0,126.0,307.0,155.0,293.0,177.0,202.0,8117.2,86.050566529212,-29.0,2024,21.0
2024-01-31,203.0,477.0,258.0,8153.0,266.0,-8.0,Wednesday,1,January,1.0,8115.2,-29.0,8182.0,8057.0,8004.0,8212.0,8072.0,208.0,187.0,166.0,195.0,126.0,307.0,205.0,243.0,8127.0,90.95053600720746,21.0,2024,-8.0
2024-02-01,222.0,459.0,289.0,8026.0,337.0,-48.0,Thursday,2,February,1.0,8084.4,-127.0,8153.0,8182.0,8057.0,8180.0,8042.0,258.0,266.0,208.0,187.0,166.0,195.0,155.0,293.0,8115.2,80.37847970693613,-8.0,2024,-48.0
2024-02-04,253.0,531.0,248.0,7813.0,342.0,-94.0,Sunday,2,February,3.0,8046.2,-213.0,8026.0,8153.0,8182.0,8004.0,7974.0,289.0,337.0,258.0,266.0,208.0,187.0,126.0,307.0,8084.4,78.83083153182093,-48.0,2024,-94.0
2024-02-05,157.0,466.0,345.0,7872.0,242.0,103.0,Monday,2,February,1.0,8009.2,59.0,7813.0,8026.0,8153.0,8057.0,8008.0,248.0,342.0,289.0,337.0,258.0,266.0,166.0,195.0,8046.2,145.56338825404666,-94.0,2024,103.0
2024-02-06,291.0,455.0,323.0,8045.0,178.0,145.0,Tuesday,2,February,1.0,7981.8,173.0,7872.0,7813.0,8026.0,8182.0,8133.0,345.0,242.0,248.0,342.0,289.0,337.0,208.0,187.0,8009.2,164.42232208553168,103.0,2024,145.0
2024-02-07,227.0,453.0,330.0,8160.0,222.0,108.0,Wednesday,2,February,1.0,7983.2,115.0,8045.0,7872.0,7813.0,8153.0,8212.0,323.0,178.0,345.0,242.0,248.0,342.0,258.0,266.0,7981.8,137.66517351893438,145.0,2024,108.0
2024-02-08,298.0,499.0,358.0,8188.0,315.0,43.0,Thursday,2,February,1.0,8015.6,28.0,8160.0,8045.0,7872.0,8026.0,8180.0,330.0,222.0,323.0,178.0,345.0,242.0,289.0,337.0,7983.2,139.85957242891288,108.0,2024,43.0
2024-02-11,205.0,515.0,226.0,8056.0,347.0,-121.0,Sunday,2,February,3.0,8064.2,-132.0,8188.0,8160.0,8045.0,7813.0,8004.0,358.0,315.0,330.0,222.0,323.0,178.0,248.0,342.0,8015.6,168.15558272028412,43.0,2024,-121.0
2024-02-12,213.0,430.0,440.0,8092.0,234.0,206.0,Monday,2,February,1.0,8108.2,36.0,8056.0,8188.0,8160.0,7872.0,8057.0,226.0,347.0,358.0,315.0,330.0,222.0,345.0,242.0,8064.2,124.37925872105158,-121.0,2024,206.0
2024-02-13,227.0,369.0,349.0,8348.0,160.0,189.0,Tuesday,2,February,1.0,8168.8,256.0,8092.0,8056.0,8188.0,8045.0,8182.0,440.0,234.0,226.0,347.0,358.0,315.0,323.0,178.0,8108.2,63.310346705718615,206.0,2024,189.0
2024-02-14,185.0,322.0,272.0,8512.0,230.0,42.0,Wednesday,2,February,1.0,8239.2,164.0,8348.0,8092.0,8056.0,8160.0,8153.0,349.0,160.0,440.0,234.0,226.0,347.0,330.0,222.0,8168.8,113.11586979729366,189.0,2024,42.0
2024-02-15,333.0,508.0,272.0,8463.0,312.0,-40.0,Thursday,2,February,1.0,8294.2,-49.0,8512.0,8348.0,8092.0,8188.0,8026.0,272.0,230.0,349.0,160.0,440.0,234.0,358.0,315.0,8239.2,189.80832436960773,42.0,2024,-40.0
2024-02-19,249.0,420.0,371.0,8380.0,218.0,153.0,Monday,2,February,4.0,8359.0,-83.0,8463.0,8512.0,8348.0,8056.0,7813.0,272.0,312.0,272.0,230.0,349.0,160.0,226.0,347.0,8294.2,210.0290456103588,-40.0,2024,153.0
2024-02-20,149.0,395.0,273.0,8488.0,192.0,81.0,Tuesday,2,February,1.0,8438.2,108.0,8380.0,8463.0,8512.0,8092.0,7872.0,371.0,218.0,272.0,312.0,272.0,230.0,440.0,234.0,8359.0,162.8465535404361,153.0,2024,81.0
2024-02-21,232.0,430.0,318.0,8573.0,231.0,87.0,Wednesday,2,February,1.0,8483.2,85.0,8488.0,8380.0,8463.0,8348.0,8045.0,273.0,192.0,371.0,218.0,272.0,312.0,349.0,160.0,8438.2,70.82513678065233,81.0,2024,87.0
2024-02-22,165.0,400.0,292.0,8607.0,293.0,-1.0,Thursday,2,February,1.0,8502.2,34.0,8573.0,8488.0,8380.0,8512.0,8160.0,318.0,231.0,273.0,192.0,371.0,218.0,272.0,230.0,8483.2,70.66611635004482,87.0,2024,-1.0
2024-02-25,244.0,482.0,366.0,8404.0,329.0,37.0,Sunday,2,February,3.0,8490.4,-203.0,8607.0,8573.0,8488.0,8463.0,8188.0,292.0,293.0,318.0,231.0,273.0,192.0,272.0,312.0,8502.2,90.36979583908582,-1.0,2024,37.0
2024-02-26,199.0,438.0,326.0,8404.0,329.0,-3.0,Monday,2,February,1.0,8495.2,0.0,8404.0,8607.0,8573.0,8380.0,8056.0,366.0,329.0,292.0,293.0,318.0,231.0,371.0,218.0,8490.4,100.09645348361767,37.0,2024,-3.0
2024-02-27,197.0,369.0,306.0,8650.0,206.0,100.0,Tuesday,2,February,1.0,8527.6,246.0,8404.0,8404.0,8607.0,8488.0,8092.0,326.0,329.0,366.0,329.0,292.0,293.0,273.0,192.0,8495.2,93.86000213082285,-3.0,2024,100.0
2024-02-28,209.0,447.0,274.0,8699.0,257.0,17.0,Wednesday,2,February,1.0,8552.8,49.0,8650.0,8404.0,8404.0,8573.0,8348.0,306.0,206.0,326.0,329.0,366.0,329.0,318.0,231.0,8527.6,116.0831598467153,100.0,2024,17.0
2024-02-29,262.0,444.0,354.0,8724.0,299.0,55.0,Thursday,2,February,1.0,8576.2,25.0,8699.0,8650.0,8404.0,8607.0,8512.0,274.0,257.0,306.0,206.0,326.0,329.0,292.0,293.0,8552.8,139.68070732924463,17.0,2024,55.0
2024-03-03,236.0,468.0,347.0,8594.0,354.0,-7.0,Sunday,3,March,3.0,8614.2,-130.0,8724.0,8699.0,8650.0,8404.0,8463.0,354.0,299.0,274.0,257.0,306.0,206.0,366.0,329.0,8576.2,159.43399888354443,55.0,2024,-7.0
2024-03-04,225.0,509.0,340.0,8660.0,229.0,111.0,Monday,3,March,1.0,8665.4,66.0,8594.0,8724.0,8699.0,8404.0,8380.0,347.0,354.0,354.0,299.0,274.0,257.0,326.0,329.0,8614.2,127.59388700089833,-7.0,2024,111.0
2024-03-05,246.0,472.0,345.0,8800.0,214.0,131.0,Tuesday,3,March,1.0,8695.4,140.0,8660.0,8594.0,8724.0,8650.0,8488.0,340.0,229.0,347.0,354.0,354.0,299.0,306.0,206.0,8665.4,49.81766754875186,111.0,2024,131.0
2024-03-06,230.0,457.0,277.0,8870.0,232.0,45.0,Wednesday,3,March,1.0,8729.6,70.0,8800.0,8660.0,8594.0,8699.0,8573.0,345.0,214.0,340.0,229.0,347.0,354.0,274.0,257.0,8695.4,76.33347889358888,131.0,2024,45.0
2024-03-07,181.0,424.0,328.0,8902.0,305.0,23.0,Thursday,3,March,1.0,8765.2,32.0,8870.0,8800.0,8660.0,8724.0,8607.0,277.0,232.0,345.0,214.0,340.0,229.0,354.0,299.0,8729.6,109.46597644929662,45.0,2024,23.0
2024-03-10,190.0,368.0,326.0,8714.0,373.0,-47.0,Sunday,3,March,3.0,8789.2,-188.0,8902.0,8870.0,8800.0,8594.0,8404.0,328.0,305.0,277.0,232.0,345.0,214.0,347.0,354.0,8765.2,133.49606735779872,23.0,2024,-47.0
2024-03-11,178.0,336.0,290.0,8757.0,253.0,37.0,Monday,3,March,1.0,8808.6,43.0,8714.0,8902.0,8870.0,8660.0,8404.0,326.0,373.0,328.0,305.0,277.0,232.0,340.0,229.0,8789.2,102.12345470066076,-47.0,2024,37.0
2024-03-12,154.0,294.0,290.0,8843.0,213.0,77.0,Tuesday,3,March,1.0,8817.2,86.0,8757.0,8714.0,8902.0,8800.0,8650.0,290.0,253.0,326.0,373.0,328.0,305.0,345.0,214.0,8808.6,77.74831187876612,37.0,2024,77.0
2024-03-13,165.0,358.0,167.0,8819.0,239.0,-72.0,Wednesday,3,March,1.0,8807.0,-24.0,8843.0,8757.0,8714.0,8870.0,8699.0,290.0,213.0,290.0,253.0,326.0,373.0,277.0,232.0,8817.2,78.92844861010431,77.0,2024,-72.0
2024-03-14,166.0,301.0,252.0,8695.0,310.0,-58.0,Thursday,3,March,1.0,8765.6,-124.0,8819.0,8843.0,8757.0,8902.0,8724.0,167.0,239.0,290.0,213.0,290.0,253.0,328.0,305.0,8807.0,73.50850290951306,-72.0,2024,-58.0
2024-03-17,127.0,260.0,259.0,8373.0,342.0,-83.0,Sunday,3,March,3.0,8697.4,-322.0,8695.0,8819.0,8843.0,8714.0,8594.0,252.0,310.0,167.0,239.0,290.0,213.0,326.0,373.0,8765.6,64.34904816699232,-58.0,2024,-83.0
2024-03-18,123.0,243.0,188.0,8333.0,283.0,-95.0,Monday,3,March,1.0,8612.6,-40.0,8373.0,8695.0,8819.0,8757.0,8660.0,259.0,342.0,252.0,310.0,167.0,239.0,290.0,253.0,8697.4,190.24931011700897,-83.0,2024,-95.0
2024-03-19,99.0,202.0,256.0,8390.0,197.0,59.0,Tuesday,3,March,1.0,8522.0,57.0,8333.0,8373.0,8695.0,8843.0,8800.0,188.0,283.0,259.0,342.0,252.0,310.0,290.0,213.0,8612.6,243.956553509017,-95.0,2024,59.0
2024-03-20,91.0,181.0,174.0,8365.0,227.0,-53.0,Wednesday,3,March,1.0,8431.2,-25.0,8390.0,8333.0,8373.0,8819.0,8870.0,256.0,197.0,188.0,283.0,259.0,342.0,167.0,239.0,8522.0,219.93408103338123,59.0,2024,-53.0
2024-03-21,132.0,261.0,141.0,8292.0,235.0,-94.0,Thursday,3,March,1.0,8350.6,-73.0,8365.0,8390.0,8333.0,8695.0,8902.0,174.0,227.0,256.0,197.0,188.0,283.0,252.0,310.0,8431.2,148.91339765111104,-53.0,2024,-94.0
2024-03-24,124.0,264.0,221.0,7899.0,373.0,-152.0,Sunday,3,March,3.0,8255.8,-393.0,8292.0,8365.0,8390.0,8373.0,8714.0,141.0,235.0,174.0,227.0,256.0,197.0,259.0,342.0,8350.6,38.74661275515561,-94.0,2024,-152.0
2024-03-25,128.0,242.0,224.0,7899.0,229.0,-5.0,Monday,3,March,1.0,8169.0,0.0,7899.0,8292.0,8365.0,8333.0,8757.0,221.0,373.0,141.0,235.0,174.0,227.0,188.0,283.0,8255.8,202.79965483204825,-152.0,2024,-5.0
2024-03-26,187.0,276.0,200.0,7919.0,208.0,-8.0,Tuesday,3,March,1.0,8074.8,20.0,7899.0,7899.0,8292.0,8390.0,8843.0,224.0,229.0,221.0,373.0,141.0,235.0,256.0,197.0,8169.0,249.0913487056463,-5.0,2024,-8.0
2024-03-27,129.0,287.0,185.0,7893.0,215.0,-30.0,Wednesday,3,March,1.0,7980.4,-26.0,7919.0,7899.0,7899.0,8365.0,8819.0,200.0,208.0,224.0,229.0,221.0,373.0,174.0,227.0,8074.8,233.17203949015394,-8.0,2024,-30.0
2024-03-28,161.0,288.0,248.0,7762.0,360.0,-112.0,Thursday,3,March,1.0,7874.4,-131.0,7893.0,7919.0,7899.0,8292.0,8695.0,185.0,215.0,200.0,208.0,224.0,229.0,141.0,235.0,7980.4,174.46718889234705,-30.0,2024,-112.0
2024-03-31,105.0,254.0,151.0,7257.0,287.0,-136.0,Sunday,3,March,3.0,7746.0,-505.0,7762.0,7893.0,7919.0,7899.0,8373.0,248.0,360.0,185.0,215.0,200.0,208.0,221.0,373.0,7874.4,63.5987421259089,-112.0,2024,-136.0
2024-04-01,109.0,235.0,171.0,7271.0,172.0,-1.0,Monday,4,April,1.0,7620.4,14.0,7257.0,7762.0,7893.0,7899.0,8333.0,151.0,287.0,248.0,360.0,185.0,215.0,224.0,229.0,7746.0,280.3230279516791,-136.0,2024,-1.0
2024-04-02,101.0,230.0,175.0,7340.0,132.0,43.0,Tuesday,4,April,1.0,7504.6,69.0,7271.0,7257.0,7762.0,7919.0,8390.0,171.0,172.0,151.0,287.0,248.0,360.0,200.0,208.0,7620.4,330.7805919336832,-1.0,2024,43.0
2024-04-03,124.0,230.0,190.0,7346.0,163.0,27.0,Wednesday,4,April,1.0,7395.2,6.0,7340.0,7271.0,7257.0,7893.0,8365.0,175.0,132.0,171.0,172.0,151.0,287.0,185.0,215.0,7504.6,300.03216494235716,43.0,2024,27.0
2024-04-04,95.0,226.0,152.0,7317.0,225.0,-73.0,Thursday,4,April,1.0,7306.2,-29.0,7346.0,7340.0,7271.0,7762.0,8292.0,190.0,163.0,175.0,132.0,171.0,172.0,248.0,360.0,7395.2,208.88681145538567,27.0,2024,-73.0
2024-04-07,106.0,239.0,233.0,6982.0,279.0,-46.0,Sunday,4,April,3.0,7251.2,-335.0,7317.0,7346.0,7340.0,7257.0,7899.0,152.0,225.0,190.0,163.0,175.0,132.0,151.0,287.0,7306.2,40.31997023805729,-73.0,2024,-46.0
2024-04-08,102.0,230.0,167.0,6988.0,199.0,-32.0,Monday,4,April,1.0,7194.6,6.0,6982.0,7317.0,7346.0,7271.0,7899.0,233.0,279.0,152.0,225.0,190.0,163.0,171.0,172.0,7251.2,153.3482963713579,-46.0,2024,-32.0
2024-04-09,118.0,231.0,217.0,7043.0,130.0,87.0,Tuesday,4,April,1.0,7135.2,55.0,6988.0,6982.0,7317.0,7340.0,7919.0,167.0,199.0,233.0,279.0,152.0,225.0,175.0,132.0,7194.6,191.65541995987965,-32.0,2024,87.0
2024-04-10,117.0,244.0,142.0,6999.0,227.0,-85.0,Wednesday,4,April,1.0,7065.8,-44.0,7043.0,6988.0,6982.0,7346.0,7893.0,217.0,130.0,167.0,199.0,233.0,279.0,190.0,163.0,7135.2,181.05717329064277,87.0,2024,-85.0
2024-04-11,183.0,221.0,220.0,6912.0,285.0,-65.0,Thursday,4,April,1.0,6984.8,-87.0,6999.0,7043.0,6988.0,7317.0,7762.0,142.0,227.0,217.0,130.0,167.0,199.0,152.0,225.0,7065.8,142.44191798764098,-85.0,2024,-65.0
2024-04-14,128.0,245.0,243.0,6630.0,290.0,-47.0,Sunday,4,April,3.0,6914.4,-282.0,6912.0,6999.0,7043.0,6982.0,7257.0,220.0,285.0,142.0,227.0,217.0,130.0,233.0,279.0,6984.8,47.187922183519106,-65.0,2024,-47.0
2024-04-15,144.0,303.0,176.0,6681.0,191.0,-15.0,Monday,4,April,1.0,6853.0,51.0,6630.0,6912.0,6999.0,6988.0,7271.0,243.0,290.0,220.0,285.0,142.0,227.0,167.0,199.0,6914.4,165.83214404933025,-47.0,2024,-15.0
2024-04-16,219.0,392.0,205.0,6685.0,163.0,42.0,Tuesday,4,April,1.0,6781.4,4.0,6681.0,6630.0,6912.0,7043.0,7340.0,176.0,191.0,243.0,290.0,220.0,285.0,217.0,130.0,6853.0,187.22312891306407,-15.0,2024,42.0
2024-04-17,182.0,371.0,274.0,6725.0,227.0,47.0,Wednesday,4,April,1.0,6726.6,40.0,6685.0,6681.0,6630.0,6999.0,7346.0,205.0,163.0,176.0,191.0,243.0,290.0,142.0,227.0,6781.4,163.32574812318418,42.0,2024,47.0
2024-04-18,144.0,322.0,258.0,6728.0,260.0,-2.0,Thursday,4,April,1.0,6689.8,3.0,6725.0,6685.0,6681.0,6912.0,7317.0,274.0,227.0,205.0,163.0,176.0,191.0,220.0,285.0,6726.6,108.99220155588092,47.0,2024,-2.0
2024-04-21,208.0,380.0,343.0,6745.0,240.0,103.0,Sunday,4,April,3.0,6712.8,17.0,6728.0,6725.0,6685.0,6630.0,6982.0,258.0,260.0,274.0,227.0,205.0,163.0,243.0,290.0,6689.8,39.92117232744789,-2.0,2024,103.0
2024-04-22,176.0,424.0,251.0,6799.0,214.0,37.0,Monday,4,April,1.0,6736.4,54.0,6745.0,6728.0,6725.0,6681.0,6988.0,343.0,240.0,258.0,260.0,274.0,227.0,176.0,191.0,6712.8,28.28780656038545,103.0,2024,37.0
2024-04-23,252.0,427.0,307.0,6967.0,134.0,173.0,Tuesday,4,April,1.0,6792.8,168.0,6799.0,6745.0,6728.0,6685.0,7043.0,251.0,214.0,343.0,240.0,258.0,260.0,205.0,163.0,6736.4,41.33763418481749,37.0,2024,173.0
2024-04-24,253.0,411.0,307.0,7128.0,154.0,153.0,Wednesday,4,April,1.0,6873.4,161.0,6967.0,6799.0,6745.0,6725.0,6999.0,307.0,134.0,251.0,214.0,343.0,240.0,274.0,227.0,6792.8,101.81453727242386,173.0,2024,153.0
2024-04-25,145.0,357.0,333.0,7209.0,217.0,116.0,Thursday,4,April,1.0,6969.6,81.0,7128.0,6967.0,6799.0,6728.0,6912.0,307.0,154.0,307.0,134.0,251.0,214.0,258.0,260.0,6873.4,170.83998361038851,153.0,2024,116.0
2024-04-28,158.0,349.0,365.0,7298.0,250.0,115.0,Sunday,4,April,3.0,7080.2,89.0,7209.0,7128.0,6967.0,6745.0,6630.0,333.0,217.0,307.0,154.0,307.0,134.0,343.0,240.0,6969.6,201.22077427541572,116.0,2024,115.0
2024-04-29,140.0,292.0,255.0,7373.0,187.0,68.0,Monday,4,April,1.0,7195.0,75.0,7298.0,7209.0,7128.0,6799.0,6681.0,365.0,250.0,333.0,217.0,307.0,154.0,251.0,214.0,7080.2,198.8710637573948,115.0,2024,68.0
2024-04-30,220.0,443.0,194.0,7431.0,135.0,59.0,Tuesday,4,April,1.0,7287.8,58.0,7373.0,7298.0,7209.0,6967.0,6685.0,255.0,187.0,365.0,250.0,333.0,217.0,307.0,134.0,7195.0,157.29113134566046,68.0,2024,59.0
2024-05-01,197.0,437.0,295.0,7508.0,190.0,105.0,Wednesday,5,May,1.0,7363.8,77.0,7431.0,7373.0,7298.0,7128.0,6725.0,194.0,135.0,255.0,187.0,365.0,250.0,307.0,154.0,7287.8,122.08071100709482,59.0,2024,105.0
2024-05-02,206.0,411.0,293.0,7577.0,194.0,99.0,Thursday,5,May,1.0,7437.4,69.0,7508.0,7431.0,7373.0,7209.0,6728.0,295.0,190.0,194.0,135.0,255.0,187.0,333.0,217.0,7363.8,115.85206083621381,105.0,2024,99.0
2024-05-05,150.0,315.0,228.0,7447.0,332.0,-104.0,Sunday,5,May,3.0,7467.2,-130.0,7577.0,7508.0,7431.0,7298.0,6745.0,293.0,194.0,295.0,190.0,194.0,135.0,365.0,250.0,7437.4,109.65080939052748,99.0,2024,-104.0
2024-05-06,173.0,337.0,211.0,7449.0,205.0,6.0,Monday,5,May,1.0,7482.4,2.0,7447.0,7577.0,7508.0,7373.0,6799.0,228.0,332.0,293.0,194.0,295.0,190.0,255.0,187.0,7467.2,77.96281164759135,-104.0,2024,6.0
2024-05-07,176.0,334.0,246.0,7566.0,163.0,83.0,Tuesday,5,May,1.0,7509.4,117.0,7449.0,7447.0,7577.0,7431.0,6967.0,211.0,205.0,228.0,332.0,293.0,194.0,194.0,135.0,7482.4,60.44667071061737,6.0,2024,83.0
2024-05-08,167.0,374.0,205.0,7583.0,202.0,3.0,Wednesday,5,May,1.0,7524.4,17.0,7566.0,7449.0,7447.0,7508.0,7128.0,246.0,163.0,211.0,205.0,228.0,332.0,295.0,190.0,7509.4,61.88133805920667,83.0,2024,3.0
2024-05-09,138.0,285.0,268.0,7570.0,244.0,24.0,Thursday,5,May,1.0,7523.0,-13.0,7583.0,7566.0,7449.0,7577.0,7209.0,205.0,202.0,246.0,163.0,211.0,205.0,293.0,194.0,7524.4,70.01285596230042,3.0,2024,24.0
2024-05-12,138.0,301.0,263.0,7464.0,245.0,18.0,Sunday,5,May,3.0,7526.4,-106.0,7570.0,7583.0,7566.0,7447.0,7298.0,268.0,244.0,205.0,202.0,246.0,163.0,228.0,332.0,7523.0,68.7568178437442,24.0,2024,18.0
2024-05-13,112.0,331.0,167.0,7499.0,157.0,10.0,Monday,5,May,1.0,7536.4,35.0,7464.0,7570.0,7583.0,7449.0,7373.0,263.0,245.0,268.0,244.0,205.0,202.0,211.0,205.0,7526.4,64.33739192722855,18.0,2024,10.0
2024-05-14,246.0,419.0,218.0,7546.0,186.0,32.0,Tuesday,5,May,1.0,7532.4,47.0,7499.0,7464.0,7570.0,7566.0,7431.0,167.0,157.0,263.0,245.0,268.0,244.0,246.0,163.0,7536.4,52.002884535358405,10.0,2024,32.0
2024-05-15,115.0,285.0,341.0,7589.0,265.0,76.0,Wednesday,5,May,1.0,7533.6,43.0,7546.0,7499.0,7464.0,7583.0,7508.0,218.0,186.0,167.0,157.0,263.0,245.0,205.0,202.0,7532.4,49.88286278871549,32.0,2024,76.0
2024-05-16,206.0,340.0,214.0,7565.0,234.0,-20.0,Thursday,5,May,1.0,7532.6,-24.0,7589.0,7546.0,7499.0,7570.0,7577.0,341.0,265.0,218.0,186.0,167.0,157.0,268.0,244.0,7533.6,51.45191930334382,76.0,2024,-20.0
2024-05-19,143.0,295.0,278.0,7356.0,298.0,-20.0,Sunday,5,May,3.0,7511.0,-209.0,7565.0,7589.0,7546.0,7464.0,7447.0,214.0,234.0,341.0,265.0,218.0,186.0,263.0,245.0,7532.6,50.60928768514536,-20.0,2024,-20.0
2024-05-20,111.0,268.0,217.0,7368.0,192.0,25.0,Monday,5,May,1.0,7484.8,12.0,7356.0,7565.0,7589.0,7499.0,7449.0,278.0,298.0,214.0,234.0,341.0,265.0,167.0,157.0,7511.0,92.72809714427336,-20.0,2024,25.0
2024-05-21,196.0,348.0,176.0,7404.0,145.0,31.0,Tuesday,5,May,1.0,7456.4,36.0,7368.0,7356.0,7565.0,7546.0,7566.0,217.0,192.0,278.0,298.0,214.0,234.0,218.0,186.0,7484.8,113.21086520293802,25.0,2024,31.0
2024-05-22,168.0,349.0,272.0,7474.0,208.0,64.0,Wednesday,5,May,1.0,7433.4,70.0,7404.0,7368.0,7356.0,7589.0,7583.0,176.0,145.0,217.0,192.0,278.0,298.0,341.0,265.0,7456.4,111.82262740607466,31.0,2024,64.0
2024-05-23,193.0,272.0,314.0,7494.0,227.0,87.0,Thursday,5,May,1.0,7419.2,20.0,7474.0,7404.0,7368.0,7565.0,7570.0,272.0,208.0,176.0,145.0,217.0,192.0,214.0,234.0,7433.4,86.74560507597944,64.0,2024,87.0
2024-05-27,156.0,344.0,252.0,7365.0,167.0,85.0,Monday,5,May,4.0,7421.0,-129.0,7494.0,7474.0,7404.0,7356.0,7464.0,314.0,227.0,272.0,208.0,176.0,145.0,278.0,298.0,7419.2,62.13855485926415,87.0,2024,85.0
2024-05-28,153.0,348.0,239.0,7418.0,151.0,88.0,Tuesday,5,May,1.0,7431.0,53.0,7365.0,7494.0,7474.0,7368.0,7499.0,252.0,167.0,314.0,227.0,272.0,208.0,217.0,192.0,7421.0,59.94163828256435,85.0,2024,88.0
2024-05-29,182.0,462.0,158.0,7491.0,141.0,17.0,Wednesday,5,May,1.0,7448.4,73.0,7418.0,7365.0,7494.0,7404.0,7546.0,239.0,151.0,252.0,167.0,314.0,227.0,176.0,145.0,7431.0,52.61178575184256,88.0,2024,17.0
2024-05-30,167.0,406.0,339.0,7563.0,190.0,149.0,Thursday,5,May,1.0,7466.2,72.0,7491.0,7418.0,7365.0,7474.0,7589.0,158.0,141.0,239.0,151.0,252.0,167.0,272.0,208.0,7448.4,55.74316101548053,17.0,2024,149.0
2024-06-02,159.0,330.0,322.0,7546.0,306.0,16.0,Sunday,6,June,3.0,7476.6,-17.0,7563.0,7491.0,7418.0,7494.0,7565.0,339.0,190.0,158.0,141.0,239.0,151.0,314.0,227.0,7466.2,76.35902042324659,149.0,2024,16.0
2024-06-03,109.0,244.0,257.0,7596.0,224.0,33.0,Monday,6,June,1.0,7522.8,50.0,7546.0,7563.0,7491.0,7365.0,7356.0,322.0,306.0,339.0,190.0,158.0,141.0,252.0,167.0,7476.6,84.22766766329092,16.0,2024,33.0
2024-06-04,260.0,356.0,176.0,7565.0,203.0,-27.0,Tuesday,6,June,1.0,7552.2,-31.0,7596.0,7546.0,7563.0,7418.0,7368.0,257.0,224.0,322.0,306.0,339.0,190.0,239.0,151.0,7522.8,69.83337311055341,33.0,2024,-27.0
2024-06-05,173.0,345.0,291.0,7691.0,198.0,93.0,Wednesday,6,June,1.0,7592.2,126.0,7565.0,7596.0,7546.0,7491.0,7404.0,176.0,203.0,257.0,224.0,322.0,306.0,158.0,141.0,7552.2,38.67428085947763,-27.0,2024,93.0
2024-06-06,179.0,326.0,282.0,7741.0,238.0,44.0,Thursday,6,June,1.0,7627.8,50.0,7691.0,7565.0,7596.0,7563.0,7474.0,291.0,198.0,176.0,203.0,257.0,224.0,339.0,190.0,7592.2,58.10077452149642,93.0,2024,44.0
2024-06-09,116.0,289.0,166.0,7451.0,312.0,-146.0,Sunday,6,June,3.0,7608.8,-290.0,7741.0,7691.0,7565.0,7546.0,7494.0,282.0,238.0,291.0,198.0,176.0,203.0,322.0,306.0,7627.8,84.34275309709638,44.0,2024,-146.0
2024-06-10,184.0,334.0,229.0,7439.0,212.0,17.0,Monday,6,June,1.0,7577.4,-12.0,7451.0,7741.0,7691.0,7596.0,7365.0,166.0,312.0,282.0,238.0,291.0,198.0,257.0,224.0,7608.8,113.15564502046624,-146.0,2024,17.0
2024-06-11,186.0,352.0,224.0,7493.0,156.0,68.0,Tuesday,6,June,1.0,7563.0,54.0,7439.0,7451.0,7741.0,7565.0,7418.0,229.0,212.0,166.0,312.0,282.0,238.0,176.0,203.0,7577.4,136.88973664960332,17.0,2024,68.0
2024-06-12,152.0,266.0,274.0,7548.0,212.0,62.0,Wednesday,6,June,1.0,7534.4,55.0,7493.0,7439.0,7451.0,7691.0,7491.0,224.0,156.0,229.0,212.0,166.0,312.0,291.0,198.0,7563.0,142.20407870380424,68.0,2024,62.0
2024-06-13,167.0,293.0,230.0,7544.0,259.0,-29.0,Thursday,6,June,1.0,7495.0,-4.0,7548.0,7493.0,7439.0,7741.0,7563.0,274.0,212.0,224.0,156.0,229.0,212.0,282.0,238.0,7534.4,123.12513959382036,62.0,2024,-29.0
2024-06-16,204.0,315.0,233.0,7307.0,294.0,-61.0,Sunday,6,June,3.0,7466.2,-237.0,7544.0,7548.0,7493.0,7451.0,7546.0,230.0,259.0,274.0,212.0,224.0,156.0,166.0,312.0,7495.0,50.709959574010014,-29.0,2024,-61.0
2024-06-17,159.0,310.0,272.0,7318.0,224.0,48.0,Monday,6,June,1.0,7442.0,11.0,7307.0,7544.0,7548.0,7439.0,7596.0,233.0,294.0,230.0,259.0,274.0,212.0,229.0,212.0,7466.2,99.43188623373148,-61.0,2024,48.0
2024-06-18,160.0,297.0,253.0,7340.0,214.0,39.0,Tuesday,6,June,1.0,7411.4,22.0,7318.0,7307.0,7544.0,7493.0,7565.0,272.0,224.0,233.0,294.0,230.0,259.0,224.0,156.0,7442.0,120.2518191130501,48.0,2024,39.0
2024-06-19,204.0,321.0,246.0,7433.0,198.0,48.0,Wednesday,6,June,1.0,7388.4,93.0,7340.0,7318.0,7307.0,7548.0,7691.0,253.0,214.0,272.0,224.0,233.0,294.0,274.0,212.0,7411.4,123.45363502140272,39.0,2024,48.0
2024-06-20,145.0,247.0,243.0,7431.0,235.0,8.0,Thursday,6,June,1.0,7365.8,-2.0,7433.0,7340.0,7318.0,7544.0,7741.0,246.0,198.0,253.0,214.0,272.0,224.0,230.0,259.0,7388.4,100.15637773001629,48.0,2024,8.0
2024-06-23,102.0,227.0,201.0,7247.0,294.0,-93.0,Sunday,6,June,3.0,7353.8,-184.0,7431.0,7433.0,7340.0,7307.0,7451.0,243.0,235.0,246.0,198.0,253.0,214.0,233.0,294.0,7365.8,61.593019084939165,8.0,2024,-93.0
2024-06-24,116.0,175.0,172.0,7239.0,202.0,-30.0,Monday,6,June,1.0,7338.0,-8.0,7247.0,7431.0,7433.0,7318.0,7439.0,201.0,294.0,243.0,235.0,246.0,198.0,272.0,224.0,7353.8,79.23193800480766,-93.0,2024,-30.0
2024-06-25,172.0,263.0,191.0,7239.0,202.0,-11.0,Tuesday,6,June,1.0,7317.8,0.0,7239.0,7247.0,7431.0,7340.0,7493.0,172.0,202.0,201.0,294.0,243.0,235.0,253.0,214.0,7338.0,94.55157322857025,-30.0,2024,-11.0
2024-06-26,132.0,235.0,197.0,7268.0,187.0,10.0,Wednesday,6,June,1.0,7284.8,29.0,7239.0,7239.0,7247.0,7433.0,7548.0,191.0,202.0,172.0,202.0,201.0,294.0,246.0,198.0,7317.8,104.30340358779135,-11.0,2024,10.0
2024-06-27,174.0,208.0,256.0,7248.0,268.0,-12.0,Thursday,6,June,1.0,7248.2,-20.0,7268.0,7239.0,7239.0,7431.0,7544.0,197.0,187.0,191.0,202.0,172.0,202.0,243.0,235.0,7284.8,82.58450217805817,10.0,2024,-12.0
2024-06-30,123.0,230.0,167.0,6874.0,273.0,-106.0,Sunday,6,June,3.0,7173.6,-374.0,7248.0,7268.0,7239.0,7247.0,7307.0,256.0,268.0,197.0,187.0,191.0,202.0,201.0,294.0,7248.2,11.861703081670127,-12.0,2024,-106.0
2024-07-01,123.0,233.0,159.0,6825.0,229.0,-70.0,Monday,7,July,1.0,7090.8,-49.0,6874.0,7248.0,7268.0,7239.0,7318.0,167.0,273.0,256.0,268.0,197.0,187.0,172.0,202.0,7173.6,167.89967242373567,-106.0,2024,-70.0
2024-07-02,141.0,232.0,188.0,6823.0,184.0,4.0,Tuesday,7,July,1.0,7007.6,-2.0,6825.0,6874.0,7248.0,7239.0,7340.0,159.0,229.0,167.0,273.0,256.0,268.0,191.0,202.0,7090.8,221.2051084401031,-70.0,2024,4.0
2024-07-04,158.0,226.0,191.0,6790.0,225.0,-34.0,Thursday,7,July,2.0,6912.0,-33.0,6823.0,6825.0,6874.0,7268.0,7433.0,188.0,184.0,159.0,229.0,167.0,273.0,197.0,187.0,7007.6,229.60248256497096,4.0,2024,-34.0
2024-07-07,96.0,160.0,233.0,6599.0,213.0,20.0,Sunday,7,July,3.0,6782.2,-191.0,6790.0,6823.0,6825.0,7248.0,7431.0,191.0,225.0,188.0,184.0,159.0,229.0,256.0,268.0,6912.0,190.2064667670314,-34.0,2024,20.0
2024-07-08,141.0,173.0,129.0,6617.0,123.0,6.0,Monday,7,July,1.0,6730.8,18.0,6599.0,6790.0,6823.0,6874.0,7247.0,233.0,213.0,191.0,225.0,188.0,184.0,167.0,273.0,6782.2,106.70848138736586,20.0,2024,6.0
2024-07-09,116.0,181.0,182.0,6651.0,130.0,52.0,Tuesday,7,July,1.0,6696.0,34.0,6617.0,6599.0,6790.0,6825.0,7239.0,129.0,123.0,233.0,213.0,191.0,225.0,159.0,229.0,6730.8,113.13796886986177,6.0,2024,52.0
2024-07-10,150.0,157.0,201.0,6649.0,177.0,24.0,Wednesday,7,July,1.0,6661.2,-2.0,6651.0,6617.0,6599.0,6823.0,7239.0,182.0,130.0,129.0,123.0,233.0,213.0,188.0,184.0,6696.0,103.24727599311187,52.0,2024,24.0
2024-07-11,80.0,176.0,125.0,6640.0,197.0,-72.0,Thursday,7,July,1.0,6631.2,-9.0,6649.0,6651.0,6617.0,6790.0,7268.0,201.0,177.0,182.0,130.0,129.0,123.0,191.0,225.0,6661.2,75.27416555497518,24.0,2024,-72.0
2024-07-14,116.0,188.0,164.0,6308.0,237.0,-73.0,Sunday,7,July,3.0,6573.0,-332.0,6640.0,6649.0,6651.0,6599.0,7248.0,125.0,197.0,201.0,177.0,182.0,130.0,233.0,213.0,6631.2,22.49888886140393,-72.0,2024,-73.0
2024-07-15,105.0,185.0,158.0,6283.0,171.0,-13.0,Monday,7,July,1.0,6506.2,-25.0,6308.0,6640.0,6649.0,6617.0,6874.0,164.0,237.0,125.0,197.0,201.0,177.0,129.0,123.0,6573.0,148.75315122711788,-73.0,2024,-13.0
2024-07-16,136.0,246.0,123.0,6239.0,173.0,-50.0,Tuesday,7,July,1.0,6423.8,-44.0,6283.0,6308.0,6640.0,6651.0,6825.0,158.0,171.0,164.0,237.0,125.0,197.0,182.0,130.0,6506.2,192.58945973234827,-13.0,2024,-50.0
2024-07-17,128.0,228.0,177.0,6228.0,187.0,-10.0,Wednesday,7,July,1.0,6339.6,-11.0,6239.0,6283.0,6308.0,6649.0,6823.0,123.0,173.0,158.0,171.0,164.0,237.0,201.0,177.0,6423.8,203.00418714893,-50.0,2024,-10.0
2024-07-21,90.0,196.0,205.0,6058.0,262.0,-57.0,Sunday,7,July,4.0,6223.2,-170.0,6228.0,6239.0,6283.0,6640.0,6790.0,177.0,187.0,123.0,173.0,158.0,171.0,125.0,197.0,6339.6,171.0388844678245,-10.0,2024,-57.0
2024-07-22,102.0,189.0,155.0,6002.0,234.0,-79.0,Monday,7,July,1.0,6162.0,-56.0,6058.0,6228.0,6239.0,6308.0,6599.0,205.0,262.0,177.0,187.0,123.0,173.0,164.0,237.0,6223.2,97.8912662089823,-57.0,2024,-79.0
2024-07-23,120.0,257.0,126.0,5965.0,170.0,-44.0,Tuesday,7,July,1.0,6098.4,-37.0,6002.0,6058.0,6228.0,6283.0,6617.0,155.0,234.0,205.0,262.0,177.0,187.0,158.0,171.0,6162.0,123.83658587024206,-79.0,2024,-44.0
2024-07-24,137.0,272.0,166.0,5927.0,177.0,-11.0,Wednesday,7,July,1.0,6036.0,-38.0,5965.0,6002.0,6058.0,6239.0,6651.0,126.0,170.0,155.0,234.0,205.0,262.0,123.0,173.0,6098.4,127.7548433524061,-44.0,2024,-11.0
2024-07-25,93.0,198.0,208.0,5954.0,194.0,14.0,Thursday,7,July,1.0,5981.2,27.0,5927.0,5965.0,6002.0,6228.0,6649.0,166.0,177.0,126.0,170.0,155.0,234.0,177.0,187.0,6036.0,117.71363557378476,-11.0,2024,14.0
2024-07-28,152.0,290.0,199.0,5743.0,207.0,-8.0,Sunday,7,July,3.0,5918.2,-211.0,5954.0,5927.0,5965.0,6058.0,6640.0,208.0,194.0,166.0,177.0,126.0,170.0,205.0,262.0,5981.2,50.67247773691161,14.0,2024,-8.0
2024-07-29,114.0,210.0,219.0,5819.0,163.0,56.0,Monday,7,July,1.0,5881.6,76.0,5743.0,5954.0,5927.0,6002.0,6308.0,199.0,207.0,208.0,194.0,166.0,177.0,155.0,234.0,5918.2,101.5711573233159,-8.0,2024,56.0
2024-07-30,125.0,203.0,208.0,5930.0,92.0,116.0,Tuesday,7,July,1.0,5874.6,111.0,5819.0,5743.0,5954.0,5965.0,6283.0,219.0,163.0,199.0,207.0,208.0,194.0,126.0,170.0,5881.6,96.67884980696549,56.0,2024,116.0
2024-07-31,140.0,261.0,163.0,5963.0,154.0,9.0,Wednesday,7,July,1.0,5881.8,33.0,5930.0,5819.0,5743.0,5927.0,6239.0,208.0,92.0,219.0,163.0,199.0,207.0,166.0,177.0,5874.6,90.17926590961913,116.0,2024,9.0
2024-08-01,227.0,298.0,212.0,6016.0,169.0,43.0,Thursday,8,August,1.0,5894.2,53.0,5963.0,5930.0,5819.0,5954.0,6228.0,163.0,154.0,208.0,92.0,219.0,163.0,208.0,194.0,5881.8,96.61625122099178,9.0,2024,43.0
2024-08-04,63.0,167.0,143.0,5943.0,170.0,-27.0,Sunday,8,August,3.0,5934.2,-73.0,6016.0,5963.0,5930.0,5743.0,6058.0,212.0,169.0,163.0,154.0,208.0,92.0,199.0,207.0,5894.2,111.093204112573,43.0,2024,-27.0
2024-08-05,172.0,259.0,138.0,5950.0,150.0,-12.0,Monday,8,August,1.0,5960.4,7.0,5943.0,6016.0,5963.0,5819.0,6002.0,143.0,170.0,212.0,169.0,163.0,154.0,219.0,163.0,5934.2,72.26133129134708,-27.0,2024,-12.0
2024-08-06,163.0,283.0,200.0,5998.0,143.0,57.0,Tuesday,8,August,1.0,5974.0,48.0,5950.0,5943.0,6016.0,5930.0,5965.0,138.0,150.0,143.0,170.0,212.0,169.0,208.0,92.0,5960.4,33.29113996242576,-12.0,2024,57.0
2024-08-07,135.0,273.0,207.0,6038.0,174.0,33.0,Wednesday,8,August,1.0,5989.0,40.0,5998.0,5950.0,5943.0,5963.0,5927.0,200.0,143.0,138.0,150.0,143.0,170.0,163.0,154.0,5974.0,31.614869919040075,57.0,2024,33.0
2024-08-08,119.0,230.0,213.0,6084.0,174.0,39.0,Thursday,8,August,1.0,6002.6,46.0,6038.0,5998.0,5950.0,6016.0,5954.0,207.0,174.0,200.0,143.0,138.0,150.0,212.0,169.0,5989.0,41.376321731128115,33.0,2024,39.0
2024-08-11,95.0,211.0,140.0,5894.0,249.0,-109.0,Sunday,8,August,3.0,5992.8,-190.0,6084.0,6038.0,5998.0,5943.0,5743.0,213.0,174.0,207.0,174.0,200.0,143.0,143.0,170.0,6002.6,59.622143537429245,39.0,2024,-109.0
2024-08-12,109.0,219.0,155.0,5903.0,148.0,7.0,Monday,8,August,1.0,5983.4,9.0,5894.0,6084.0,6038.0,5950.0,5819.0,140.0,249.0,213.0,174.0,207.0,174.0,138.0,150.0,5992.8,74.12961621374964,-109.0,2024,7.0
2024-08-13,162.0,239.0,189.0,5981.0,123.0,66.0,Tuesday,8,August,1.0,5980.0,78.0,5903.0,5894.0,6084.0,5998.0,5930.0,155.0,148.0,140.0,249.0,213.0,174.0,200.0,143.0,5983.4,83.32346608247765,7.0,2024,66.0
2024-08-14,109.0,226.0,191.0,5987.0,178.0,13.0,Wednesday,8,August,1.0,5969.8,6.0,5981.0,5903.0,5894.0,6038.0,5963.0,189.0,123.0,155.0,148.0,140.0,249.0,207.0,174.0,5980.0,82.92466460588068,66.0,2024,13.0
2024-08-15,124.0,241.0,156.0,5895.0,220.0,-64.0,Thursday,8,August,1.0,5932.0,-92.0,5987.0,5981.0,5903.0,6084.0,6016.0,191.0,178.0,189.0,123.0,155.0,148.0,213.0,174.0,5969.8,76.92658838137696,13.0,2024,-64.0
2024-08-18,86.0,244.0,235.0,5821.0,178.0,57.0,Sunday,8,August,3.0,5917.4,-74.0,5895.0,5987.0,5981.0,5894.0,5943.0,156.0,220.0,191.0,178.0,189.0,123.0,140.0,249.0,5932.0,47.64451699826336,-64.0,2024,57.0
2024-08-19,176.0,254.0,162.0,5865.0,158.0,4.0,Monday,8,August,1.0,5909.8,44.0,5821.0,5895.0,5987.0,5903.0,5950.0,235.0,178.0,156.0,220.0,191.0,178.0,155.0,148.0,5917.4,68.72263091586203,57.0,2024,4.0
2024-08-20,136.0,274.0,245.0,5995.0,112.0,133.0,Tuesday,8,August,1.0,5912.6,130.0,5865.0,5821.0,5895.0,5981.0,5998.0,162.0,158.0,235.0,178.0,156.0,220.0,189.0,123.0,5909.8,72.69938101523148,4.0,2024,133.0
2024-08-21,134.0,245.0,167.0,6028.0,156.0,11.0,Wednesday,8,August,1.0,5920.8,33.0,5995.0,5865.0,5821.0,5987.0,6038.0,245.0,112.0,162.0,158.0,235.0,178.0,191.0,178.0,5912.6,76.30727357203764,133.0,2024,11.0
2024-08-22,182.0,307.0,205.0,6054.0,171.0,34.0,Thursday,8,August,1.0,5952.6,26.0,6028.0,5995.0,5865.0,5895.0,6084.0,167.0,156.0,245.0,112.0,162.0,158.0,156.0,220.0,5920.8,87.65956878742786,11.0,2024,34.0
2024-08-27,149.0,285.0,222.0,6152.0,97.0,125.0,Tuesday,8,August,5.0,6018.8,98.0,6054.0,6028.0,5995.0,5821.0,5894.0,205.0,171.0,167.0,156.0,245.0,112.0,235.0,178.0,5952.6,103.38907098914171,34.0,2024,125.0
2024-08-28,170.0,285.0,178.0,6227.0,134.0,44.0,Wednesday,8,August,1.0,6091.2,75.0,6152.0,6054.0,6028.0,5865.0,5903.0,222.0,97.0,205.0,171.0,167.0,156.0,162.0,158.0,6018.8,104.02740023665766,125.0,2024,44.0
2024-08-29,145.0,295.0,188.0,6250.0,169.0,19.0,Thursday,8,August,1.0,6142.2,23.0,6227.0,6152.0,6054.0,5995.0,5981.0,178.0,134.0,222.0,97.0,205.0,171.0,245.0,112.0,6091.2,95.87856903394919,44.0,2024,19.0
2024-09-02,133.0,270.0,198.0,6192.0,129.0,69.0,Monday,9,September,4.0,6175.0,-58.0,6250.0,6227.0,6152.0,6028.0,5987.0,188.0,169.0,178.0,134.0,222.0,97.0,167.0,156.0,6142.2,99.66042343878422,19.0,2024,69.0
2024-09-03,131.0,263.0,177.0,6272.0,112.0,65.0,Tuesday,9,September,1.0,6218.6,80.0,6192.0,6250.0,6227.0,6054.0,5895.0,198.0,129.0,188.0,169.0,178.0,134.0,205.0,171.0,6175.0,77.11679453917789,69.0,2024,65.0
2024-09-04,121.0,231.0,219.0,6375.0,114.0,105.0,Wednesday,9,September,1.0,6263.2,103.0,6272.0,6192.0,6250.0,6152.0,5821.0,177.0,112.0,198.0,129.0,188.0,169.0,222.0,97.0,6218.6,47.56889740153508,65.0,2024,105.0
2024-09-05,126.0,230.0,175.0,6448.0,121.0,54.0,Thursday,9,September,1.0,6307.4,73.0,6375.0,6272.0,6192.0,6227.0,5865.0,219.0,114.0,177.0,112.0,198.0,129.0,178.0,134.0,6263.2,69.15706760698988,105.0,2024,54.0
2024-09-08,123.0,255.0,164.0,6312.0,221.0,-57.0,Sunday,9,September,3.0,6319.8,-136.0,6448.0,6375.0,6272.0,6250.0,5995.0,175.0,121.0,219.0,114.0,177.0,112.0,188.0,169.0,6307.4,102.71708718610446,54.0,2024,-57.0
2024-09-09,144.0,275.0,190.0,6353.0,141.0,49.0,Monday,9,September,1.0,6352.0,41.0,6312.0,6448.0,6375.0,6192.0,6028.0,164.0,221.0,175.0,121.0,219.0,114.0,198.0,129.0,6319.8,97.67394739641577,-57.0,2024,49.0
2024-09-10,131.0,251.0,180.0,6396.0,148.0,32.0,Tuesday,9,September,1.0,6376.8,43.0,6353.0,6312.0,6448.0,6272.0,6054.0,190.0,141.0,164.0,221.0,175.0,121.0,177.0,112.0,6352.0,66.60705668319076,49.0,2024,32.0
2024-09-11,93.0,248.0,175.0,6410.0,162.0,13.0,Wednesday,9,September,1.0,6383.8,14.0,6396.0,6353.0,6312.0,6375.0,6152.0,180.0,148.0,190.0,141.0,164.0,221.0,219.0,114.0,6376.8,50.51435439553579,32.0,2024,13.0
2024-09-12,184.0,280.0,210.0,6360.0,220.0,-10.0,Thursday,9,September,1.0,6366.2,-50.0,6410.0,6396.0,6353.0,6448.0,6227.0,175.0,162.0,180.0,148.0,190.0,141.0,175.0,121.0,6383.8,52.58516901178301,13.0,2024,-10.0
2024-09-13,81.0,200.0,212.0,6326.0,279.0,-67.0,Friday,9,September,1.0,6369.0,-34.0,6360.0,6410.0,6396.0,6312.0,6250.0,210.0,220.0,175.0,162.0,180.0,148.0,164.0,221.0,6366.2,38.59015418468534,-10.0,2024,-67.0
2024-09-15,98.0,220.0,167.0,6234.0,210.0,-43.0,Sunday,9,September,2.0,6345.2,-92.0,6326.0,6360.0,6410.0,6353.0,6192.0,212.0,279.0,210.0,220.0,175.0,162.0,190.0,141.0,6369.0,33.896902513323994,-67.0,2024,-43.0
2024-09-16,113.0,209.0,160.0,6229.0,164.0,-4.0,Monday,9,September,1.0,6311.8,-5.0,6234.0,6326.0,6360.0,6396.0,6272.0,167.0,210.0,212.0,279.0,210.0,220.0,180.0,148.0,6345.2,70.23674252126008,-43.0,2024,-4.0
2024-09-17,159.0,304.0,139.0,6227.0,160.0,-21.0,Tuesday,9,September,1.0,6275.2,-2.0,6229.0,6234.0,6326.0,6410.0,6375.0,160.0,164.0,167.0,210.0,212.0,279.0,175.0,162.0,6311.8,79.17827984995498,-4.0,2024,-21.0
2024-09-18,116.0,213.0,217.0,6245.0,149.0,68.0,Wednesday,9,September,1.0,6252.2,18.0,6227.0,6229.0,6234.0,6360.0,6448.0,139.0,160.0,160.0,164.0,167.0,210.0,210.0,220.0,6275.2,63.100713149676764,-21.0,2024,68.0
2024-09-19,93.0,196.0,169.0,6270.0,188.0,-19.0,Thursday,9,September,1.0,6241.0,25.0,6245.0,6227.0,6229.0,6326.0,6312.0,217.0,149.0,139.0,160.0,160.0,164.0,212.0,279.0,6252.2,41.84136709044991,68.0,2024,-19.0
2024-09-22,124.0,234.0,161.0,5989.0,197.0,-36.0,Sunday,9,September,3.0,6192.0,-281.0,6270.0,6245.0,6227.0,6234.0,6353.0,169.0,188.0,217.0,149.0,139.0,160.0,167.0,210.0,6241.0,17.64936259465991,-19.0,2024,-36.0
2024-09-23,92.0,203.0,173.0,6002.0,165.0,8.0,Monday,9,September,1.0,6146.6,13.0,5989.0,6270.0,6245.0,6229.0,6396.0,161.0,197.0,169.0,188.0,217.0,149.0,160.0,164.0,6192.0,114.77804668140062,-36.0,2024,8.0
2024-09-24,186.0,259.0,172.0,6023.0,143.0,29.0,Tuesday,9,September,1.0,6105.8,21.0,6002.0,5989.0,6270.0,6227.0,6410.0,173.0,165.0,161.0,197.0,169.0,188.0,139.0,160.0,6146.6,138.8535199409716,8.0,2024,29.0
2024-09-25,154.0,225.0,220.0,6050.0,169.0,51.0,Wednesday,9,September,1.0,6066.8,27.0,6023.0,6002.0,5989.0,6245.0,6360.0,172.0,143.0,173.0,165.0,161.0,197.0,217.0,149.0,6105.8,139.29357486976136,29.0,2024,51.0
2024-09-26,91.0,199.0,172.0,6090.0,185.0,-13.0,Thursday,9,September,1.0,6030.8,40.0,6050.0,6023.0,6002.0,6270.0,6326.0,220.0,169.0,172.0,143.0,173.0,165.0,169.0,188.0,6066.8,115.91246697399646,51.0,2024,-13.0
2024-09-29,81.0,213.0,153.0,5925.0,177.0,-24.0,Sunday,9,September,3.0,6018.0,-165.0,6090.0,6050.0,6023.0,5989.0,6234.0,172.0,185.0,220.0,169.0,172.0,143.0,161.0,197.0,6030.8,40.3447642203772,-13.0,2024,-24.0
2024-09-30,209.0,285.0,184.0,5967.0,138.0,46.0,Monday,9,September,1.0,6011.0,42.0,5925.0,6090.0,6050.0,6002.0,6229.0,153.0,177.0,172.0,185.0,220.0,169.0,173.0,165.0,6018.0,61.51828996321197,-24.0,2024,46.0
2024-10-01,184.0,314.0,217.0,6040.0,137.0,80.0,Tuesday,10,October,1.0,6014.4,73.0,5967.0,5925.0,6090.0,6023.0,6227.0,184.0,138.0,153.0,177.0,172.0,185.0,172.0,143.0,6011.0,65.64678209933695,46.0,2024,80.0
2024-10-02,107.0,215.0,230.0,6091.0,173.0,57.0,Wednesday,10,October,1.0,6022.6,51.0,6040.0,5967.0,5925.0,6050.0,6245.0,217.0,137.0,184.0,138.0,153.0,177.0,220.0,169.0,6014.4,66.85282342577484,80.0,2024,57.0
2024-10-03,101.0,162.0,178.0,6118.0,193.0,-15.0,Thursday,10,October,1.0,6028.2,27.0,6091.0,6040.0,5967.0,6090.0,6270.0,230.0,173.0,217.0,137.0,184.0,138.0,172.0,185.0,6022.6,74.39959677308619,57.0,2024,-15.0
2024-10-07,99.0,190.0,176.0,5968.0,153.0,23.0,Monday,10,October,4.0,6036.8,-150.0,6118.0,6091.0,6040.0,5925.0,5989.0,178.0,193.0,230.0,173.0,217.0,137.0,153.0,177.0,6028.2,81.45980603952988,-15.0,2024,23.0
2024-10-08,167.0,239.0,166.0,6013.0,123.0,43.0,Tuesday,10,October,1.0,6046.0,45.0,5968.0,6118.0,6091.0,5967.0,6002.0,176.0,153.0,178.0,193.0,230.0,173.0,184.0,138.0,6036.8,69.18598123896084,23.0,2024,43.0
2024-10-09,115.0,216.0,169.0,6047.0,137.0,32.0,Wednesday,10,October,1.0,6047.4,34.0,6013.0,5968.0,6118.0,6040.0,6023.0,166.0,123.0,176.0,153.0,178.0,193.0,217.0,137.0,6046.0,60.03748828855048,43.0,2024,32.0
2024-10-10,84.0,158.0,193.0,6075.0,159.0,34.0,Thursday,10,October,1.0,6044.2,28.0,6047.0,6013.0,5968.0,6091.0,6050.0,169.0,137.0,166.0,123.0,176.0,153.0,230.0,173.0,6047.4,59.94414066443722,32.0,2024,34.0
2024-10-13,130.0,227.0,192.0,5889.0,210.0,-18.0,Sunday,10,October,3.0,5998.4,-186.0,6075.0,6047.0,6013.0,6118.0,6090.0,193.0,159.0,169.0,137.0,166.0,123.0,178.0,193.0,6044.2,57.4081875693514,34.0,2024,-18.0
2024-10-14,88.0,214.0,160.0,5935.0,106.0,54.0,Monday,10,October,1.0,5991.8,46.0,5889.0,6075.0,6047.0,5968.0,5925.0,192.0,210.0,193.0,159.0,169.0,137.0,176.0,153.0,5998.4,73.03286931237068,-18.0,2024,54.0
2024-10-15,113.0,208.0,159.0,6013.0,107.0,52.0,Tuesday,10,October,1.0,5991.8,78.0,5935.0,5889.0,6075.0,6013.0,5967.0,160.0,106.0,192.0,210.0,193.0,159.0,166.0,123.0,5991.8,77.80231359026429,54.0,2024,52.0
2024-10-16,174.0,285.0,150.0,6036.0,129.0,21.0,Wednesday,10,October,1.0,5989.6,23.0,6013.0,5935.0,5889.0,6047.0,6040.0,159.0,107.0,160.0,106.0,192.0,210.0,169.0,137.0,5991.8,77.80231359026429,52.0,2024,21.0
2024-10-17,104.0,230.0,206.0,6076.0,160.0,46.0,Thursday,10,October,1.0,5989.8,40.0,6036.0,6013.0,5935.0,6075.0,6091.0,150.0,129.0,159.0,107.0,160.0,106.0,193.0,159.0,5989.6,75.98552493730513,21.0,2024,46.0
2024-10-20,147.0,276.0,214.0,5918.0,195.0,19.0,Sunday,10,October,3.0,5995.6,-158.0,6076.0,6036.0,6013.0,5889.0,6118.0,206.0,160.0,150.0,129.0,159.0,107.0,192.0,210.0,5989.8,76.26729312095601,46.0,2024,19.0
2024-10-21,108.0,220.0,213.0,5966.0,154.0,59.0,Monday,10,October,1.0,6001.8,48.0,5918.0,6076.0,6036.0,5935.0,5968.0,214.0,195.0,206.0,160.0,150.0,129.0,160.0,106.0,5995.6,67.25548304783653,19.0,2024,59.0
2024-10-22,180.0,280.0,146.0,6043.0,109.0,37.0,Tuesday,10,October,1.0,6007.8,77.0,5966.0,5918.0,6076.0,6013.0,6013.0,213.0,154.0,214.0,195.0,206.0,160.0,159.0,107.0,6001.8,61.45079332277024,59.0,2024,37.0
2024-10-23,134.0,294.0,186.0,6077.0,138.0,48.0,Wednesday,10,October,1.0,6016.0,34.0,6043.0,5966.0,5918.0,6036.0,6047.0,146.0,109.0,213.0,154.0,214.0,195.0,150.0,129.0,6007.8,64.21993459976288,37.0,2024,48.0
2024-10-27,202.0,313.0,158.0,5974.0,192.0,-34.0,Sunday,10,October,4.0,5995.6,-103.0,6077.0,6043.0,5966.0,6076.0,6075.0,186.0,138.0,146.0,109.0,213.0,154.0,206.0,160.0,6016.0,70.9823921828352,48.0,2024,-34.0
2024-10-28,110.0,272.0,193.0,6008.0,156.0,37.0,Monday,10,October,1.0,6013.6,34.0,5974.0,6077.0,6043.0,5918.0,5889.0,158.0,192.0,186.0,138.0,146.0,109.0,214.0,195.0,5995.6,63.712636109313706,-34.0,2024,37.0
2024-10-29,166.0,277.0,229.0,6106.0,126.0,103.0,Tuesday,10,October,1.0,6041.6,98.0,6008.0,5974.0,6077.0,5966.0,5935.0,193.0,156.0,158.0,192.0,186.0,138.0,213.0,154.0,6013.6,46.76857919584277,37.0,2024,103.0
2024-10-30,136.0,276.0,178.0,6149.0,160.0,18.0,Wednesday,10,October,1.0,6062.8,43.0,6106.0,6008.0,5974.0,6043.0,6013.0,229.0,126.0,193.0,156.0,158.0,192.0,146.0,109.0,6041.6,52.68111616127551,103.0,2024,18.0
2024-10-31,87.0,246.0,173.0,6148.0,177.0,-4.0,Thursday,10,October,1.0,6077.0,-1.0,6149.0,6106.0,6008.0,6077.0,6036.0,178.0,160.0,229.0,126.0,193.0,156.0,186.0,138.0,6062.8,71.39117592530467,18.0,2024,-4.0
2024-11-03,84.0,171.0,157.0,5990.0,184.0,-27.0,Sunday,11,November,3.0,6080.2,-158.0,6148.0,6149.0,6106.0,5974.0,6076.0,173.0,177.0,178.0,160.0,229.0,126.0,158.0,192.0,6077.0,81.2957563467971,-4.0,2024,-27.0
2024-11-04,167.0,209.0,157.0,6007.0,132.0,25.0,Monday,11,November,1.0,6080.0,17.0,5990.0,6148.0,6149.0,6008.0,5918.0,157.0,184.0,173.0,177.0,178.0,160.0,193.0,156.0,6080.2,76.39502601608167,-27.0,2024,25.0
2024-11-05,109.0,245.0,159.0,6045.0,126.0,33.0,Tuesday,11,November,1.0,6067.8,38.0,6007.0,5990.0,6148.0,6106.0,5966.0,157.0,132.0,157.0,184.0,173.0,177.0,229.0,126.0,6080.0,76.63223864665446,25.0,2024,33.0
2024-11-06,156.0,256.0,176.0,6086.0,137.0,39.0,Wednesday,11,November,1.0,6055.2,41.0,6045.0,6007.0,5990.0,6149.0,6043.0,159.0,126.0,157.0,132.0,157.0,184.0,178.0,160.0,6067.8,76.31317055396009,33.0,2024,39.0
2024-11-07,125.0,232.0,192.0,6084.0,177.0,15.0,Thursday,11,November,1.0,6042.4,-2.0,6086.0,6045.0,6007.0,6148.0,6077.0,176.0,137.0,159.0,126.0,157.0,132.0,173.0,177.0,6055.2,63.7157751267126,39.0,2024,15.0
2024-11-11,118.0,139.0,168.0,5963.0,145.0,23.0,Monday,11,November,4.0,6037.0,-121.0,6084.0,6086.0,6045.0,5990.0,5974.0,192.0,177.0,176.0,137.0,159.0,126.0,157.0,184.0,6042.4,43.695537529567105,15.0,2024,23.0
2024-11-12,142.0,235.0,139.0,5975.0,138.0,1.0,Tuesday,11,November,1.0,6030.6,12.0,5963.0,6084.0,6086.0,6007.0,6008.0,168.0,145.0,192.0,177.0,176.0,137.0,157.0,132.0,6037.0,52.559490104050795,23.0,2024,1.0
2024-11-13,148.0,245.0,175.0,5966.0,151.0,24.0,Wednesday,11,November,1.0,6014.8,-9.0,5975.0,5963.0,6084.0,6045.0,6106.0,139.0,138.0,168.0,145.0,192.0,177.0,159.0,126.0,6030.6,58.71371219738895,1.0,2024,24.0
2024-11-14,119.0,219.0,210.0,6025.0,172.0,38.0,Thursday,11,November,1.0,6002.6,59.0,5966.0,5975.0,5963.0,6086.0,6149.0,175.0,151.0,139.0,138.0,168.0,145.0,176.0,137.0,6014.8,64.23939601208767,24.0,2024,38.0
2024-11-17,105.0,210.0,149.0,5816.0,195.0,-46.0,Sunday,11,November,3.0,5949.0,-209.0,6025.0,5966.0,5975.0,6084.0,6148.0,210.0,172.0,175.0,151.0,139.0,138.0,192.0,177.0,6002.6,51.954788037271655,38.0,2024,-46.0
2024-11-18,143.0,203.0,163.0,5819.0,138.0,25.0,Monday,11,November,1.0,5920.2,3.0,5816.0,6025.0,5966.0,5963.0,5990.0,149.0,195.0,210.0,172.0,175.0,151.0,168.0,145.0,5949.0,78.46336724865837,-46.0,2024,25.0
2024-11-19,119.0,209.0,152.0,5844.0,146.0,6.0,Tuesday,11,November,1.0,5894.0,25.0,5819.0,5816.0,6025.0,5975.0,6007.0,163.0,138.0,149.0,195.0,210.0,172.0,139.0,138.0,5920.2,96.41421057083768,25.0,2024,6.0
2024-11-20,155.0,212.0,181.0,5879.0,148.0,33.0,Wednesday,11,November,1.0,5876.6,35.0,5844.0,5819.0,5816.0,5966.0,6045.0,152.0,146.0,163.0,138.0,149.0,195.0,175.0,151.0,5894.0,95.59550198622227,6.0,2024,33.0
2024-11-21,109.0,214.0,173.0,5850.0,210.0,-37.0,Thursday,11,November,1.0,5841.6,-29.0,5879.0,5844.0,5819.0,6025.0,6086.0,181.0,148.0,152.0,146.0,163.0,138.0,210.0,172.0,5876.6,86.7196632834666,33.0,2024,-37.0
2024-11-24,191.0,283.0,192.0,5664.0,207.0,-15.0,Sunday,11,November,3.0,5811.2,-186.0,5850.0,5879.0,5844.0,5816.0,6084.0,173.0,210.0,181.0,148.0,152.0,146.0,149.0,195.0,5841.6,25.696303236026807,-37.0,2024,-15.0
2024-11-25,170.0,297.0,196.0,5715.0,129.0,67.0,Monday,11,November,1.0,5790.4,51.0,5664.0,5850.0,5879.0,5819.0,5963.0,192.0,207.0,173.0,210.0,181.0,148.0,163.0,138.0,5811.2,85.00999941182114,-15.0,2024,67.0
2024-11-26,152.0,272.0,214.0,5826.0,112.0,102.0,Tuesday,11,November,1.0,5786.8,111.0,5715.0,5664.0,5850.0,5844.0,5975.0,196.0,129.0,192.0,207.0,173.0,210.0,152.0,146.0,5790.4,94.78554742152319,67.0,2024,102.0
2024-11-27,239.0,367.0,224.0,5862.0,211.0,13.0,Wednesday,11,November,1.0,5783.4,36.0,5826.0,5715.0,5664.0,5879.0,5966.0,214.0,112.0,196.0,129.0,192.0,207.0,181.0,148.0,5786.8,92.55646924984667,102.0,2024,13.0
2024-11-28,113.0,280.0,237.0,5963.0,143.0,94.0,Thursday,11,November,1.0,5806.0,101.0,5862.0,5826.0,5715.0,5850.0,6025.0,224.0,211.0,214.0,112.0,196.0,129.0,173.0,210.0,5783.4,88.5482919089794,13.0,2024,94.0
2024-12-01,196.0,306.0,187.0,5986.0,149.0,38.0,Sunday,12,December,3.0,5870.4,23.0,5963.0,5862.0,5826.0,5664.0,5816.0,237.0,143.0,224.0,211.0,214.0,112.0,192.0,207.0,5806.0,118.98529320885761,94.0,2024,38.0
2024-12-02,236.0,330.0,222.0,6061.0,115.0,107.0,Monday,12,December,1.0,5939.6,75.0,5986.0,5963.0,5862.0,5715.0,5819.0,187.0,149.0,237.0,143.0,224.0,211.0,196.0,129.0,5870.4,109.69184108217817,38.0,2024,107.0
2024-12-03,81.0,230.0,242.0,6192.0,107.0,135.0,Tuesday,12,December,1.0,6012.8,131.0,6061.0,5986.0,5963.0,5826.0,5844.0,222.0,115.0,187.0,149.0,237.0,143.0,214.0,112.0,5939.6,95.34830884707833,107.0,2024,135.0
2024-12-04,118.0,245.0,160.0,6269.0,115.0,45.0,Wednesday,12,December,1.0,6094.2,77.0,6192.0,6061.0,5986.0,5862.0,5879.0,242.0,107.0,222.0,115.0,187.0,149.0,224.0,211.0,6012.8,122.85642026364683,135.0,2024,45.0
2024-12-05,218.0,283.0,208.0,6310.0,150.0,58.0,Thursday,12,December,1.0,6163.6,41.0,6269.0,6192.0,6061.0,5963.0,5850.0,160.0,115.0,242.0,107.0,222.0,115.0,237.0,143.0,6094.2,132.4224301241969,45.0,2024,58.0
2024-12-08,132.0,243.0,183.0,6286.0,172.0,11.0,Sunday,12,December,3.0,6223.6,-24.0,6310.0,6269.0,6192.0,5986.0,5664.0,208.0,150.0,160.0,115.0,242.0,107.0,187.0,149.0,6163.6,137.31096096087086,58.0,2024,11.0
2024-12-09,224.0,315.0,152.0,6268.0,174.0,-22.0,Monday,12,December,1.0,6265.0,-18.0,6286.0,6310.0,6269.0,6061.0,5715.0,183.0,172.0,208.0,150.0,160.0,115.0,222.0,115.0,6223.6,101.06582013716492,11.0,2024,-22.0
2024-12-10,167.0,326.0,213.0,6310.0,149.0,64.0,Tuesday,12,December,1.0,6288.6,42.0,6268.0,6286.0,6310.0,6192.0,5826.0,152.0,174.0,183.0,172.0,208.0,150.0,242.0,107.0,6265.0,44.215381938842846,-22.0,2024,64.0
2024-12-11,209.0,353.0,232.0,6402.0,152.0,80.0,Wednesday,12,December,1.0,6315.2,92.0,6310.0,6268.0,6286.0,6269.0,5862.0,213.0,149.0,152.0,174.0,183.0,172.0,160.0,115.0,6288.6,20.80384579825921,64.0,2024,80.0
2024-12-12,153.0,253.0,286.0,6481.0,194.0,92.0,Thursday,12,December,1.0,6349.4,79.0,6402.0,6310.0,6268.0,6310.0,5963.0,232.0,152.0,213.0,149.0,152.0,174.0,208.0,150.0,6315.2,51.64494166903231,80.0,2024,92.0
2024-12-15,180.0,337.0,219.0,6408.0,224.0,-5.0,Sunday,12,December,3.0,6373.8,-73.0,6481.0,6402.0,6310.0,6286.0,5986.0,286.0,194.0,232.0,152.0,213.0,149.0,183.0,172.0,6349.4,89.83763131337427,92.0,2024,-5.0
2024-12-16,133.0,287.0,189.0,6454.0,149.0,40.0,Monday,12,December,1.0,6411.0,46.0,6408.0,6481.0,6402.0,6268.0,6061.0,219.0,224.0,286.0,194.0,232.0,152.0,152.0,174.0,6373.8,84.73606080056926,-5.0,2024,40.0
2024-12-17,187.0,310.0,247.0,6506.0,151.0,96.0,Tuesday,12,December,1.0,6450.2,52.0,6454.0,6408.0,6481.0,6310.0,6192.0,189.0,149.0,219.0,224.0,286.0,194.0,213.0,149.0,6411.0,65.26867548830576,40.0,2024,96.0
2024-12-18,168.0,285.0,210.0,6598.0,134.0,76.0,Wednesday,12,December,1.0,6489.4,92.0,6506.0,6454.0,6408.0,6402.0,6269.0,247.0,151.0,189.0,149.0,219.0,224.0,232.0,152.0,6450.2,45.22388749320173,96.0,2024,76.0
2024-12-19,269.0,412.0,204.0,6600.0,238.0,-34.0,Thursday,12,December,1.0,6513.2,2.0,6598.0,6506.0,6454.0,6481.0,6310.0,210.0,134.0,247.0,151.0,189.0,149.0,286.0,194.0,6489.4,70.7446111021736,76.0,2024,-34.0
2024-12-22,100.0,255.0,236.0,6595.0,268.0,-32.0,Sunday,12,December,3.0,6550.6,-5.0,6600.0,6598.0,6506.0,6408.0,6286.0,204.0,238.0,210.0,134.0,247.0,151.0,219.0,224.0,6513.2,85.65745735193047,-34.0,2024,-32.0
2024-12-23,205.0,294.0,177.0,6548.0,231.0,-54.0,Monday,12,December,1.0,6569.4,-47.0,6595.0,6600.0,6598.0,6454.0,6268.0,236.0,268.0,204.0,238.0,210.0,134.0,189.0,149.0,6550.6,67.04326960998986,-32.0,2024,-54.0
2024-12-24,161.0,304.0,211.0,6622.0,155.0,56.0,Tuesday,12,December,1.0,6592.6,74.0,6548.0,6595.0,6600.0,6506.0,6310.0,177.0,231.0,236.0,268.0,204.0,238.0,247.0,151.0,6569.4,41.49457795902708,-54.0,2024,56.0
2024-12-25,57.0,162.0,193.0,6689.0,107.0,86.0,Wednesday,12,December,1.0,6610.8,67.0,6622.0,6548.0,6595.0,6598.0,6402.0,211.0,155.0,177.0,231.0,236.0,268.0,210.0,134.0,6592.6,27.125633633111324,56.0,2024,86.0
2024-12-26,80.0,122.0,152.0,6707.0,135.0,17.0,Thursday,12,December,1.0,6632.2,18.0,6689.0,6622.0,6548.0,6600.0,6481.0,193.0,107.0,211.0,155.0,177.0,231.0,204.0,238.0,6610.8,51.35854359303597,86.0,2024,17.0
2024-12-29,107.0,170.0,133.0,6465.0,216.0,-83.0,Sunday,12,December,3.0,6606.2,-242.0,6707.0,6689.0,6622.0,6595.0,6408.0,152.0,135.0,193.0,107.0,211.0,155.0,236.0,268.0,6632.2,65.9522554580037,17.0,2024,-83.0
2024-12-30,99.0,156.0,139.0,6454.0,177.0,-38.0,Monday,12,December,1.0,6587.4,-11.0,6465.0,6707.0,6689.0,6548.0,6454.0,133.0,216.0,152.0,135.0,193.0,107.0,177.0,231.0,6606.2,100.7357930429784,-83.0,2024,-38.0
2025-01-01,25.0,66.0,94.0,6405.0,144.0,-50.0,Wednesday,1,January,2.0,6544.0,-49.0,6454.0,6465.0,6707.0,6622.0,6506.0,139.0,177.0,133.0,216.0,152.0,135.0,211.0,155.0,6587.4,121.03842365132554,-38.0,2025,-50.0
2025-01-02,35.0,70.0,53.0,6292.0,170.0,-117.0,Thursday,1,January,1.0,6464.6,-113.0,6405.0,6454.0,6465.0,6689.0,6598.0,94.0,144.0,139.0,177.0,133.0,216.0,193.0,107.0,6544.0,142.52719038835278,-50.0,2025,-117.0
2025-01-05,43.0,73.0,64.0,5882.0,185.0,-121.0,Sunday,1,January,3.0,6299.6,-410.0,6292.0,6405.0,6454.0,6707.0,6600.0,53.0,170.0,94.0,144.0,139.0,177.0,152.0,135.0,6464.6,151.8331320891385,-117.0,2025,-121.0
2025-01-06,41.0,60.0,71.0,5769.0,190.0,-119.0,Monday,1,January,1.0,6160.4,-113.0,5882.0,6292.0,6405.0,6465.0,6595.0,64.0,185.0,53.0,170.0,94.0,144.0,133.0,216.0,6299.6,243.2864566719608,-121.0,2025,-119.0
2025-01-07,65.0,83.0,65.0,5703.0,133.0,-68.0,Tuesday,1,January,1.0,6010.2,-66.0,5769.0,5882.0,6292.0,6454.0,6548.0,71.0,190.0,64.0,185.0,53.0,170.0,139.0,177.0,6160.4,313.86669144717763,-119.0,2025,-68.0
2025-01-08,38.0,80.0,82.0,5605.0,184.0,-102.0,Wednesday,1,January,1.0,5850.2,-98.0,5703.0,5769.0,5882.0,6405.0,6622.0,65.0,133.0,71.0,190.0,64.0,185.0,94.0,144.0,6010.2,317.90832011760523,-68.0,2025,-102.0
2025-01-09,56.0,82.0,68.0,5507.0,164.0,-96.0,Thursday,1,January,1.0,5693.2,-98.0,5605.0,5703.0,5769.0,6292.0,6689.0,82.0,184.0,65.0,133.0,71.0,190.0,53.0,170.0,5850.2,266.7315129488785,-102.0,2025,-96.0
2025-01-12,74.0,103.0,80.0,5092.0,235.0,-155.0,Sunday,1,January,3.0,5535.2,-415.0,5507.0,5605.0,5703.0,5882.0,6707.0,68.0,164.0,82.0,184.0,65.0,133.0,64.0,185.0,5693.2,144.85924202479353,-96.0,2025,-155.0
2025-01-13,68.0,107.0,102.0,5019.0,181.0,-79.0,Monday,1,January,1.0,5385.2,-73.0,5092.0,5507.0,5605.0,5769.0,6465.0,80.0,235.0,68.0,164.0,82.0,184.0,71.0,190.0,5535.2,266.8861180353854,-155.0,2025,-79.0
2025-01-14,92.0,124.0,93.0,4957.0,139.0,-46.0,Tuesday,1,January,1.0,5236.0,-62.0,5019.0,5092.0,5507.0,5703.0,6454.0,102.0,181.0,80.0,235.0,68.0,164.0,65.0,133.0,5385.2,309.9245069367662,-79.0,2025,-46.0
2025-01-15,113.0,162.0,107.0,4903.0,164.0,-57.0,Wednesday,1,January,1.0,5095.6,-54.0,4957.0,5019.0,5092.0,5605.0,6405.0,93.0,139.0,102.0,181.0,80.0,235.0,82.0,184.0,5236.0,298.0218112823248,-46.0,2025,-57.0
2025-01-16,106.0,196.0,131.0,4881.0,159.0,-28.0,Thursday,1,January,1.0,4970.4,-22.0,4903.0,4957.0,5019.0,5507.0,6292.0,107.0,164.0,93.0,139.0,102.0,181.0,68.0,164.0,5095.6,240.53856239696293,-57.0,2025,-28.0
2025-01-19,86.0,152.0,168.0,4628.0,176.0,-8.0,Sunday,1,January,3.0,4877.6,-253.0,4881.0,4903.0,4957.0,5092.0,5882.0,131.0,159.0,107.0,164.0,93.0,139.0,80.0,235.0,4970.4,86.40486097435532,-28.0,2025,-8.0
2025-01-20,84.0,118.0,136.0,4638.0,127.0,9.0,Monday,1,January,1.0,4801.4,10.0,4628.0,4881.0,4903.0,5019.0,5769.0,168.0,176.0,131.0,159.0,107.0,164.0,102.0,181.0,4877.6,149.37804390203294,-8.0,2025,9.0
2025-01-21,59.0,64.0,117.0,4728.0,54.0,63.0,Tuesday,1,January,1.0,4755.6,90.0,4638.0,4628.0,4881.0,4957.0,5703.0,136.0,127.0,168.0,176.0,131.0,159.0,93.0,139.0,4801.4,156.23475925669575,9.0,2025,63.0
2025-01-22,62.0,97.0,52.0,4717.0,83.0,-31.0,Wednesday,1,January,1.0,4718.4,-11.0,4728.0,4638.0,4628.0,4903.0,5605.0,117.0,54.0,136.0,127.0,168.0,176.0,107.0,164.0,4755.6,130.69544751060636,63.0,2025,-31.0
2025-01-23,91.0,75.0,97.0,4621.0,174.0,-77.0,Thursday,1,January,1.0,4666.4,-96.0,4717.0,4728.0,4638.0,4881.0,5507.0,52.0,83.0,117.0,54.0,136.0,127.0,131.0,159.0,4718.4,101.4509733812233,-31.0,2025,-77.0
2025-01-26,29.0,51.0,11.0,4241.0,182.0,-171.0,Sunday,1,January,3.0,4589.0,-380.0,4621.0,4717.0,4728.0,4628.0,5092.0,97.0,174.0,52.0,83.0,117.0,54.0,168.0,176.0,4666.4,51.71363456572798,-77.0,2025,-171.0
2025-01-27,33.0,53.0,34.0,4161.0,127.0,-93.0,Monday,1,January,1.0,4493.6,-80.0,4241.0,4621.0,4717.0,4638.0,5019.0,11.0,182.0,97.0,174.0,52.0,83.0,136.0,127.0,4589.0,200.1461965664041,-171.0,2025,-93.0
2025-01-28,32.0,49.0,39.0,4096.0,101.0,-62.0,Tuesday,1,January,1.0,4367.2,-65.0,4161.0,4241.0,4621.0,4728.0,4957.0,34.0,127.0,11.0,182.0,97.0,174.0,117.0,54.0,4493.6,271.8047093043049,-93.0,2025,-62.0
2025-01-29,32.0,50.0,39.0,4036.0,99.0,-60.0,Wednesday,1,January,1.0,4231.0,-60.0,4096.0,4161.0,4241.0,4717.0,4903.0,39.0,101.0,34.0,127.0,11.0,182.0,52.0,83.0,4367.2,282.2980694230793,-62.0,2025,-60.0
2025-01-30,47.0,42.0,47.0,3923.0,159.0,-112.0,Thursday,1,January,1.0,4091.4,-113.0,4036.0,4096.0,4161.0,4621.0,4881.0,39.0,99.0,39.0,101.0,34.0,127.0,97.0,174.0,4231.0,230.94912859761493,-60.0,2025,-112.0
2025-02-02,20.0,22.0,41.0,3483.0,168.0,-127.0,Sunday,2,February,3.0,3939.8,-440.0,3923.0,4036.0,4096.0,4241.0,4628.0,47.0,159.0,39.0,99.0,39.0,101.0,11.0,182.0,4091.4,121.11275737921949,-112.0,2025,-127.0
2025-02-03,23.0,45.0,11.0,3403.0,102.0,-91.0,Monday,2,February,1.0,3788.2,-80.0,3483.0,3923.0,4036.0,4161.0,4638.0,41.0,168.0,47.0,159.0,39.0,99.0,34.0,127.0,3939.8,269.96796106204476,-127.0,2025,-91.0
2025-02-04,34.0,54.0,29.0,3359.0,74.0,-45.0,Tuesday,2,February,1.0,3640.8,-44.0,3403.0,3483.0,3923.0,4096.0,4728.0,11.0,102.0,41.0,168.0,47.0,159.0,39.0,101.0,3788.2,322.4293721111613,-91.0,2025,-45.0
2025-02-05,26.0,36.0,36.0,3290.0,104.0,-68.0,Wednesday,2,February,1.0,3491.6,-69.0,3359.0,3403.0,3483.0,4036.0,4717.0,29.0,74.0,11.0,102.0,41.0,168.0,39.0,99.0,3640.8,314.91300385979247,-45.0,2025,-68.0
2025-02-06,25.0,32.0,27.0,3181.0,145.0,-118.0,Thursday,2,February,1.0,3343.2,-109.0,3290.0,3359.0,3403.0,3923.0,4621.0,36.0,104.0,29.0,74.0,11.0,102.0,47.0,159.0,3491.6,251.12506844199706,-68.0,2025,-118.0
2025-02-09,15.0,13.0,23.0,2878.0,99.0,-76.0,Sunday,2,February,3.0,3222.2,-303.0,3181.0,3290.0,3359.0,3483.0,4241.0,27.0,145.0,36.0,104.0,29.0,74.0,41.0,168.0,3343.2,114.57399355873777,-118.0,2025,-76.0
2025-02-10,16.0,18.0,15.0,2834.0,63.0,-48.0,Monday,2,February,1.0,3108.4,-44.0,2878.0,3181.0,3290.0,3403.0,4161.0,23.0,99.0,27.0,145.0,36.0,104.0,11.0,102.0,3222.2,209.8635270836685,-76.0,2025,-48.0
2025-02-11,11.0,22.0,12.0,2799.0,50.0,-38.0,Tuesday,2,February,1.0,2996.4,-35.0,2834.0,2878.0,3181.0,3359.0,4096.0,15.0,63.0,23.0,99.0,27.0,145.0,29.0,74.0,3108.4,239.49384125692598,-48.0,2025,-38.0
2025-02-12,16.0,20.0,20.0,2752.0,66.0,-46.0,Wednesday,2,February,1.0,2888.8,-47.0,2799.0,2834.0,2878.0,3290.0,4036.0,12.0,50.0,15.0,63.0,23.0,99.0,36.0,104.0,2996.4,223.40389432594426,-38.0,2025,-46.0
2025-02-13,15.0,10.0,23.0,2703.0,72.0,-49.0,Thursday,2,February,1.0,2793.2,-49.0,2752.0,2799.0,2834.0,3181.0,3923.0,20.0,66.0,12.0,50.0,15.0,63.0,27.0,145.0,2888.8,169.7636592442496,-46.0,2025,-49.0
2025-02-17,8.0,17.0,14.0,2532.0,15.0,-1.0,Monday,2,February,4.0,2724.0,-171.0,2703.0,2752.0,2799.0,2878.0,3483.0,23.0,72.0,20.0,66.0,12.0,50.0,23.0,99.0,2793.2,68.41564148641525,-49.0,2025,-1.0
2025-02-18,18.0,19.0,11.0,2536.0,9.0,2.0,Tuesday,2,February,1.0,2664.4,4.0,2532.0,2703.0,2752.0,2834.0,3403.0,14.0,15.0,23.0,72.0,20.0,66.0,15.0,63.0,2724.0,118.12493386240561,-1.0,2025,2.0
2025-02-19,12.0,17.0,17.0,2528.0,19.0,-2.0,Wednesday,2,February,1.0,2610.2,-8.0,2536.0,2532.0,2703.0,2799.0,3359.0,11.0,9.0,14.0,15.0,23.0,72.0,12.0,50.0,2664.4,123.7913567257331,2.0,2025,-2.0
2025-02-20,13.0,25.0,15.0,2520.0,32.0,-17.0,Thursday,2,February,1.0,2563.8,-8.0,2528.0,2536.0,2532.0,2752.0,3290.0,17.0,19.0,11.0,9.0,14.0,15.0,20.0,66.0,2610.2,108.50898580300944,-2.0,2025,-17.0
2025-02-23,7.0,16.0,8.0,2423.0,35.0,-27.0,Sunday,2,February,3.0,2507.8,-97.0,2520.0,2528.0,2536.0,2703.0,3181.0,15.0,32.0,17.0,19.0,11.0,9.0,23.0,72.0,2563.8,78.03973346954548,-17.0,2025,-27.0
2025-02-24,20.0,22.0,14.0,2413.0,24.0,-10.0,Monday,2,February,1.0,2484.0,-10.0,2423.0,2520.0,2528.0,2532.0,2878.0,8.0,35.0,15.0,32.0,17.0,19.0,14.0,15.0,2507.8,47.77237695570225,-27.0,2025,-10.0
2025-02-25,11.0,7.0,7.0,2413.0,23.0,-16.0,Tuesday,2,February,1.0,2459.4,0.0,2413.0,2423.0,2520.0,2536.0,2834.0,14.0,24.0,8.0,35.0,15.0,32.0,11.0,9.0,2484.0,60.61765419411834,-10.0,2025,-16.0
2025-02-26,12.0,21.0,1.0,2411.0,23.0,-22.0,Wednesday,2,February,1.0,2436.0,-2.0,2413.0,2413.0,2423.0,2528.0,2799.0,7.0,23.0,14.0,24.0,8.0,35.0,17.0,19.0,2459.4,59.180233186408735,-16.0,2025,-22.0
2025-02-27,10.0,15.0,17.0,2391.0,37.0,-20.0,Thursday,2,February,1.0,2410.2,-20.0,2411.0,2413.0,2413.0,2520.0,2752.0,1.0,23.0,7.0,23.0,14.0,24.0,15.0,32.0,2436.0,47.19110085596346,-22.0,2025,-20.0
2025-03-02,12.0,24.0,4.0,2297.0,31.0,-27.0,Sunday,3,March,3.0,2385.0,-94.0,2391.0,2411.0,2413.0,2423.0,2703.0,17.0,37.0,1.0,23.0,7.0,23.0,8.0,35.0,2410.2,11.713240371379486,-20.0,2025,-27.0
2025-03-03,8.0,29.0,18.0,2287.0,25.0,-7.0,Monday,3,March,1.0,2359.8,-10.0,2297.0,2391.0,2411.0,2413.0,2532.0,4.0,31.0,17.0,37.0,1.0,23.0,14.0,24.0,2385.0,50.05996404311247,-27.0,2025,-7.0
2025-03-04,4.0,25.0,10.0,2272.0,30.0,-20.0,Tuesday,3,March,1.0,2331.6,-15.0,2287.0,2297.0,2391.0,2413.0,2536.0,18.0,25.0,4.0,31.0,17.0,37.0,7.0,23.0,2359.8,62.58753869579565,-7.0,2025,-20.0
2025-03-05,5.0,20.0,4.0,2238.0,40.0,-36.0,Wednesday,3,March,1.0,2297.0,-34.0,2272.0,2287.0,2297.0,2411.0,2528.0,10.0,30.0,18.0,25.0,4.0,31.0,1.0,23.0,2331.6,64.36458653636889,-20.0,2025,-36.0
2025-03-06,7.0,27.0,6.0,2218.0,33.0,-27.0,Thursday,3,March,1.0,2262.4,-20.0,2238.0,2272.0,2287.0,2391.0,2520.0,4.0,40.0,10.0,30.0,18.0,25.0,17.0,37.0,2297.0,57.10078808560979,-36.0,2025,-27.0
2025-03-09,12.0,25.0,15.0,2137.0,30.0,-15.0,Sunday,3,March,3.0,2230.4,-81.0,2218.0,2238.0,2272.0,2297.0,2423.0,6.0,33.0,4.0,40.0,10.0,30.0,4.0,31.0,2262.4,33.39610755758399,-27.0,2025,-15.0
2025-03-10,6.0,28.0,8.0,2125.0,23.0,-15.0,Monday,3,March,1.0,2198.0,-12.0,2137.0,2218.0,2238.0,2287.0,2413.0,15.0,30.0,6.0,33.0,4.0,40.0,18.0,25.0,2230.4,58.88378384579002,-15.0,2025,-15.0
2025-03-11,3.0,11.0,7.0,2116.0,20.0,-13.0,Tuesday,3,March,1.0,2166.8,-9.0,2125.0,2137.0,2218.0,2272.0,2413.0,8.0,23.0,15.0,30.0,6.0,33.0,10.0,30.0,2198.0,64.27674540607764,-15.0,2025,-13.0
2025-03-12,6.0,18.0,2.0,2113.0,8.0,-6.0,Wednesday,3,March,1.0,2141.8,-3.0,2116.0,2125.0,2137.0,2238.0,2411.0,7.0,20.0,8.0,23.0,15.0,30.0,4.0,40.0,2166.8,56.80404915142693,-13.0,2025,-6.0
2025-03-13,4.0,20.0,9.0,2116.0,6.0,3.0,Thursday,3,March,1.0,2121.4,3.0,2113.0,2116.0,2125.0,2218.0,2391.0,2.0,8.0,7.0,20.0,8.0,23.0,6.0,33.0,2141.8,43.608485412792454,-6.0,2025,3.0
2025-03-16,1.0,9.0,8.0,2117.0,5.0,3.0,Sunday,3,March,3.0,2117.4,1.0,2116.0,2113.0,2116.0,2137.0,2297.0,9.0,6.0,2.0,8.0,7.0,20.0,15.0,30.0,2121.4,9.813256340162354,3.0,2025,3.0
2025-03-17,5.0,14.0,0.0,2111.0,8.0,-8.0,Monday,3,March,1.0,2114.6,-6.0,2117.0,2116.0,2113.0,2125.0,2287.0,8.0,5.0,9.0,6.0,2.0,8.0,8.0,23.0,2117.4,4.505552130176401,3.0,2025,-8.0
2025-03-18,19.0,34.0,6.0,2109.0,8.0,-2.0,Tuesday,3,March,1.0,2113.2,-2.0,2111.0,2117.0,2116.0,2116.0,2272.0,0.0,8.0,8.0,5.0,9.0,6.0,7.0,20.0,2114.6,2.5099800791514695,-8.0,2025,-2.0
2025-03-19,6.0,22.0,14.0,2119.0,9.0,5.0,Wednesday,3,March,1.0,2114.4,10.0,2109.0,2111.0,2117.0,2113.0,2238.0,6.0,8.0,0.0,8.0,8.0,5.0,2.0,8.0,2113.2,3.3466401057981927,-2.0,2025,5.0
2025-03-20,9.0,20.0,11.0,2124.0,7.0,4.0,Thursday,3,March,1.0,2116.0,5.0,2119.0,2109.0,2111.0,2116.0,2218.0,14.0,9.0,6.0,8.0,0.0,8.0,9.0,6.0,2114.4,4.219004621677585,5.0,2025,4.0
2025-03-23,15.0,29.0,9.0,2136.0,2.0,7.0,Sunday,3,March,3.0,2119.8,12.0,2124.0,2119.0,2109.0,2117.0,2137.0,11.0,7.0,14.0,9.0,6.0,8.0,8.0,5.0,2116.0,6.082762530112191,4.0,2025,7.0
2025-03-24,7.0,13.0,11.0,2139.0,7.0,4.0,Monday,3,March,1.0,2125.4,3.0,2136.0,2124.0,2119.0,2111.0,2125.0,9.0,2.0,11.0,7.0,14.0,9.0,0.0,8.0,2119.8,10.894952959867975,7.0,2025,4.0
2025-03-25,12.0,19.0,7.0,2145.0,6.0,1.0,Tuesday,3,March,1.0,2132.6,6.0,2139.0,2136.0,2124.0,2109.0,2116.0,11.0,7.0,9.0,2.0,11.0,7.0,6.0,8.0,2125.4,12.340988615088138,4.0,2025,1.0
2025-03-26,9.0,21.0,15.0,2159.0,2.0,13.0,Wednesday,3,March,1.0,2140.6,14.0,2145.0,2139.0,2136.0,2119.0,2113.0,7.0,6.0,11.0,7.0,9.0,2.0,14.0,9.0,2132.6,10.784247771529312,1.0,2025,13.0
2025-03-27,1.0,19.0,13.0,2159.0,2.0,11.0,Thursday,3,March,1.0,2147.6,0.0,2159.0,2145.0,2139.0,2124.0,2116.0,15.0,2.0,7.0,6.0,11.0,7.0,11.0,7.0,2140.6,12.817956155243154,13.0,2025,11.0
2025-03-30,9.0,20.0,5.0,2188.0,2.0,3.0,Sunday,3,March,3.0,2158.0,29.0,2159.0,2159.0,2145.0,2136.0,2117.0,13.0,2.0,15.0,2.0,7.0,6.0,9.0,2.0,2147.6,10.899541274647142,11.0,2025,3.0
2025-03-31,9.0,25.0,8.0,2193.0,5.0,3.0,Monday,3,March,1.0,2168.8,5.0,2188.0,2159.0,2159.0,2139.0,2111.0,5.0,2.0,13.0,2.0,15.0,2.0,11.0,7.0,2158.0,18.9208879283647,3.0,2025,3.0
2025-04-01,17.0,36.0,7.0,2191.0,12.0,-5.0,Tuesday,4,April,1.0,2178.0,-2.0,2193.0,2188.0,2159.0,2145.0,2109.0,8.0,5.0,5.0,2.0,13.0,2.0,7.0,6.0,2168.8,20.692993983417082,3.0,2025,-5.0
2025-04-02,5.0,31.0,16.0,2208.0,3.0,13.0,Wednesday,4,April,1.0,2187.8,17.0,2191.0,2193.0,2188.0,2159.0,2119.0,7.0,12.0,8.0,5.0,5.0,2.0,15.0,2.0,2178.0,17.43559577409772,-5.0,2025,13.0
2025-04-03,12.0,26.0,18.0,2223.0,8.0,10.0,Thursday,4,April,1.0,2200.6,15.0,2208.0,2191.0,2193.0,2159.0,2124.0,16.0,3.0,7.0,12.0,8.0,5.0,13.0,2.0,2187.8,17.852170736292354,13.0,2025,10.0
2025-04-06,7.0,14.0,7.0,2234.0,11.0,-4.0,Sunday,4,April,3.0,2209.8,11.0,2223.0,2208.0,2191.0,2188.0,2136.0,18.0,8.0,16.0,3.0,7.0,12.0,5.0,2.0,2200.6,14.707141122520449,10.0,2025,-4.0
2025-04-07,12.0,22.0,9.0,2237.0,5.0,4.0,Monday,4,April,1.0,2218.6,3.0,2234.0,2223.0,2208.0,2193.0,2139.0,7.0,11.0,18.0,8.0,16.0,3.0,8.0,5.0,2209.8,18.700267377706957,-4.0,2025,4.0
2025-04-08,12.0,34.0,12.0,2243.0,9.0,3.0,Tuesday,4,April,1.0,2229.0,6.0,2237.0,2234.0,2223.0,2191.0,2145.0,9.0,5.0,7.0,11.0,18.0,8.0,7.0,12.0,2218.6,19.165072397403843,4.0,2025,3.0
2025-04-09,6.0,19.0,10.0,2251.0,5.0,5.0,Wednesday,4,April,1.0,2237.6,8.0,2243.0,2237.0,2234.0,2208.0,2159.0,12.0,9.0,9.0,5.0,7.0,11.0,16.0,3.0,2229.0,13.802173741760079,3.0,2025,5.0
2025-04-10,18.0,25.0,17.0,2265.0,6.0,11.0,Thursday,4,April,1.0,2246.0,14.0,2251.0,2243.0,2237.0,2223.0,2159.0,10.0,5.0,12.0,9.0,9.0,5.0,18.0,8.0,2237.6,10.430723848215512,5.0,2025,11.0
2025-04-11,8.0,22.0,8.0,2267.0,9.0,-1.0,Friday,4,April,1.0,2252.6,2.0,2265.0,2251.0,2243.0,2234.0,2188.0,17.0,6.0,10.0,5.0,12.0,9.0,7.0,11.0,2246.0,12.449899597897657,11.0,2025,-1.0
2025-04-13,5.0,26.0,10.0,2283.0,3.0,7.0,Sunday,4,April,2.0,2261.8,16.0,2267.0,2265.0,2251.0,2237.0,2193.0,8.0,9.0,17.0,6.0,10.0,5.0,9.0,5.0,2252.6,13.22119510474498,-1.0,2025,7.0
2025-04-14,5.0,26.0,9.0,2282.0,13.0,-4.0,Monday,4,April,1.0,2269.6,-1.0,2283.0,2267.0,2265.0,2243.0,2191.0,10.0,3.0,8.0,9.0,17.0,6.0,12.0,9.0,2261.8,15.466091943271639,7.0,2025,-4.0
2025-04-15,4.0,19.0,12.0,2286.0,7.0,5.0,Tuesday,4,April,1.0,2276.6,4.0,2282.0,2283.0,2267.0,2251.0,2208.0,9.0,13.0,10.0,3.0,8.0,9.0,10.0,5.0,2269.6,13.296616110790414,-4.0,2025,5.0
2025-04-16,11.0,30.0,5.0,2291.0,8.0,-3.0,Wednesday,4,April,1.0,2281.8,5.0,2286.0,2282.0,2283.0,2265.0,2223.0,12.0,7.0,9.0,13.0,10.0,3.0,17.0,6.0,2276.6,9.813256340162116,5.0,2025,-3.0
2025-04-17,7.0,26.0,10.0,2288.0,14.0,-4.0,Thursday,4,April,1.0,2286.0,-3.0,2291.0,2286.0,2282.0,2267.0,2234.0,5.0,8.0,12.0,7.0,9.0,13.0,8.0,9.0,2281.8,8.983317872464035,-3.0,2025,-4.0
2025-04-20,4.0,15.0,6.0,2305.0,4.0,2.0,Sunday,4,April,3.0,2290.4,17.0,2288.0,2291.0,2286.0,2283.0,2237.0,10.0,14.0,5.0,8.0,12.0,7.0,10.0,3.0,2286.0,3.674234613865985,-4.0,2025,2.0
2025-04-21,10.0,25.0,5.0,2308.0,6.0,-1.0,Monday,4,April,1.0,2295.6,3.0,2305.0,2288.0,2291.0,2282.0,2243.0,6.0,4.0,10.0,14.0,5.0,8.0,9.0,13.0,2290.4,8.792041856004241,2.0,2025,-1.0
2025-04-22,7.0,19.0,14.0,2305.0,17.0,-3.0,Tuesday,4,April,1.0,2299.4,-3.0,2308.0,2305.0,2288.0,2286.0,2251.0,5.0,6.0,6.0,4.0,10.0,14.0,12.0,7.0,2295.6,10.163660757705888,-1.0,2025,-3.0
2025-04-23,3.0,23.0,4.0,2300.0,11.0,-7.0,Wednesday,4,April,1.0,2301.2,-5.0,2305.0,2308.0,2305.0,2291.0,2265.0,14.0,17.0,5.0,6.0,6.0,4.0,5.0,8.0,2299.4,9.181503144786845,-3.0,2025,-7.0
2025-04-24,3.0,9.0,7.0,2294.0,13.0,-6.0,Thursday,4,April,1.0,2302.4,-6.0,2300.0,2305.0,2308.0,2288.0,2267.0,4.0,11.0,14.0,17.0,5.0,6.0,10.0,14.0,2301.2,7.918333157788351,-7.0,2025,-6.0
2025-04-27,9.0,40.0,12.0,2301.0,4.0,8.0,Sunday,4,April,3.0,2301.6,7.0,2294.0,2300.0,2305.0,2305.0,2283.0,7.0,13.0,4.0,11.0,14.0,17.0,6.0,4.0,2302.4,5.50454357760309,-6.0,2025,8.0
2025-04-28,6.0,26.0,12.0,2307.0,8.0,4.0,Monday,4,April,1.0,2301.4,6.0,2301.0,2294.0,2300.0,2308.0,2282.0,12.0,4.0,7.0,13.0,4.0,11.0,5.0,6.0,2301.6,5.319774431094938,8.0,2025,4.0
2025-04-29,11.0,25.0,11.0,2304.0,15.0,-4.0,Tuesday,4,April,1.0,2301.2,-3.0,2307.0,2301.0,2294.0,2305.0,2286.0,12.0,8.0,12.0,4.0,7.0,13.0,14.0,17.0,2301.4,5.029910535758179,4.0,2025,-4.0
2025-04-30,7.0,34.0,9.0,2309.0,12.0,-3.0,Wednesday,4,April,1.0,2303.0,5.0,2304.0,2307.0,2301.0,2300.0,2291.0,11.0,15.0,12.0,8.0,12.0,4.0,4.0,11.0,2301.2,4.868264577622234,-4.0,2025,-3.0
2025-05-01,13.0,32.0,14.0,2306.0,16.0,-2.0,Thursday,5,May,1.0,2305.4,-3.0,2309.0,2304.0,2307.0,2294.0,2288.0,9.0,12.0,11.0,15.0,12.0,8.0,7.0,13.0,2303.0,5.873670062042255,-3.0,2025,-2.0
2025-05-04,9.0,31.0,10.0,2335.0,5.0,5.0,Sunday,5,May,3.0,2312.2,29.0,2306.0,2309.0,2304.0,2301.0,2305.0,14.0,16.0,9.0,12.0,11.0,15.0,12.0,4.0,2305.4,3.049590136023437,-2.0,2025,5.0
2025-05-05,15.0,44.0,20.0,2331.0,17.0,3.0,Monday,5,May,1.0,2317.0,-4.0,2335.0,2306.0,2309.0,2307.0,2308.0,10.0,5.0,14.0,16.0,9.0,12.0,12.0,8.0,2312.2,12.872451203936748,5.0,2025,3.0
2025-05-06,10.0,33.0,16.0,2339.0,16.0,0.0,Tuesday,5,May,1.0,2324.0,8.0,2331.0,2335.0,2306.0,2304.0,2305.0,20.0,17.0,10.0,5.0,14.0,16.0,11.0,15.0,2317.0,14.781745499017797,3.0,2025,0.0
2025-05-07,10.0,30.0,15.0,2335.0,10.0,5.0,Wednesday,5,May,1.0,2329.2,-4.0,2339.0,2331.0,2335.0,2309.0,2300.0,16.0,16.0,20.0,17.0,10.0,5.0,9.0,12.0,2324.0,15.36229149566343,0.0,2025,5.0
2025-05-08,15.0,24.0,16.0,2361.0,11.0,5.0,Thursday,5,May,1.0,2340.2,26.0,2335.0,2339.0,2331.0,2306.0,2294.0,15.0,10.0,16.0,16.0,20.0,17.0,14.0,16.0,2329.2,13.27403480475071,5.0,2025,5.0
2025-05-11,15.0,20.0,12.0,2385.0,3.0,9.0,Sunday,5,May,3.0,2350.2,24.0,2361.0,2335.0,2339.0,2335.0,2301.0,16.0,11.0,15.0,10.0,16.0,16.0,10.0,5.0,2340.2,11.966620241226666,5.0,2025,9.0
2025-05-12,7.0,33.0,14.0,2392.0,7.0,7.0,Monday,5,May,1.0,2362.4,7.0,2385.0,2361.0,2335.0,2331.0,2307.0,12.0,3.0,16.0,11.0,15.0,10.0,20.0,17.0,2350.2,22.65391798338067,9.0,2025,7.0
2025-05-13,18.0,29.0,12.0,2394.0,11.0,1.0,Tuesday,5,May,1.0,2373.4,2.0,2392.0,2385.0,2361.0,2339.0,2304.0,14.0,7.0,12.0,3.0,16.0,11.0,16.0,16.0,2362.4,25.91910492277344,7.0,2025,1.0
2025-05-14,7.0,30.0,14.0,2394.0,11.0,3.0,Wednesday,5,May,1.0,2385.2,0.0,2394.0,2392.0,2385.0,2335.0,2309.0,12.0,11.0,14.0,7.0,12.0,3.0,15.0,10.0,2373.4,25.16545250929808,1.0,2025,3.0
2025-05-15,15.0,31.0,14.0,2410.0,14.0,0.0,Thursday,5,May,1.0,2395.0,16.0,2394.0,2394.0,2392.0,2361.0,2306.0,14.0,11.0,12.0,11.0,14.0,7.0,16.0,11.0,2385.2,14.024977718261674,3.0,2025,0.0
2025-05-18,13.0,28.0,14.0,2437.0,9.0,5.0,Sunday,5,May,3.0,2405.4,27.0,2410.0,2394.0,2394.0,2385.0,2335.0,14.0,14.0,14.0,11.0,12.0,11.0,12.0,3.0,2395.0,9.165151389788267,0.0,2025,5.0
2025-05-19,7.0,27.0,17.0,2457.0,6.0,11.0,Monday,5,May,1.0,2418.4,20.0,2437.0,2410.0,2394.0,2392.0,2331.0,14.0,9.0,14.0,14.0,14.0,11.0,14.0,7.0,2405.4,19.09973821804207,5.0,2025,11.0
2025-05-21,14.0,62.0,13.0,2467.0,18.0,-5.0,Wednesday,5,May,2.0,2433.0,10.0,2457.0,2437.0,2410.0,2394.0,2339.0,17.0,6.0,14.0,9.0,14.0,14.0,12.0,11.0,2418.4,27.82624660276221,11.0,2025,-5.0
2025-05-22,18.0,36.0,17.0,2473.0,15.0,2.0,Thursday,5,May,1.0,2448.8,6.0,2467.0,2457.0,2437.0,2394.0,2335.0,13.0,18.0,17.0,6.0,14.0,9.0,14.0,11.0,2433.0,30.813957876224446,-5.0,2025,2.0
2025-05-27,6.0,24.0,7.0,2504.0,11.0,-4.0,Tuesday,5,May,5.0,2467.6,31.0,2473.0,2467.0,2457.0,2410.0,2361.0,17.0,15.0,13.0,18.0,17.0,6.0,14.0,14.0,2448.8,25.63591231061874,2.0,2025,-4.0
2025-05-28,12.0,39.0,12.0,2499.0,14.0,-2.0,Wednesday,5,May,1.0,2480.0,-5.0,2504.0,2473.0,2467.0,2437.0,2385.0,7.0,11.0,17.0,15.0,13.0,18.0,14.0,9.0,2467.6,24.511221919719386,-4.0,2025,-2.0
2025-05-29,13.0,38.0,15.0,2506.0,11.0,4.0,Thursday,5,May,1.0,2489.8,7.0,2499.0,2504.0,2473.0,2457.0,2392.0,12.0,14.0,7.0,11.0,17.0,15.0,17.0,6.0,2480.0,20.518284528627948,-2.0,2025,4.0
2025-06-01,8.0,24.0,16.0,2528.0,12.0,4.0,Sunday,6,June,3.0,2502.0,22.0,2506.0,2499.0,2504.0,2467.0,2394.0,15.0,11.0,12.0,14.0,7.0,11.0,13.0,18.0,2489.8,18.37661557517412,4.0,2025,4.0
2025-06-02,10.0,19.0,5.0,2518.0,16.0,-11.0,Monday,6,June,1.0,2511.0,-10.0,2528.0,2506.0,2499.0,2473.0,2394.0,16.0,12.0,15.0,11.0,12.0,14.0,17.0,15.0,2502.0,19.659603251279787,4.0,2025,-11.0
2025-06-03,5.0,23.0,11.0,2519.0,15.0,-4.0,Tuesday,6,June,1.0,2514.0,1.0,2518.0,2528.0,2506.0,2504.0,2410.0,5.0,16.0,16.0,12.0,15.0,11.0,7.0,11.0,2511.0,11.78982612245536,-11.0,2025,-4.0
2025-06-04,4.0,16.0,9.0,2516.0,16.0,-7.0,Wednesday,6,June,1.0,2517.4,-3.0,2519.0,2518.0,2528.0,2499.0,2437.0,11.0,15.0,5.0,16.0,16.0,12.0,12.0,14.0,2514.0,11.467344941080771,-4.0,2025,-7.0
2025-06-05,8.0,26.0,5.0,2503.0,21.0,-16.0,Thursday,6,June,1.0,2516.8,-13.0,2516.0,2519.0,2518.0,2506.0,2457.0,9.0,16.0,11.0,15.0,5.0,16.0,15.0,11.0,2517.4,7.861297602669091,-7.0,2025,-16.0
2025-06-08,10.0,16.0,15.0,2507.0,13.0,2.0,Sunday,6,June,3.0,2512.6,4.0,2503.0,2516.0,2519.0,2528.0,2467.0,5.0,21.0,9.0,16.0,11.0,15.0,16.0,12.0,2516.8,8.983317872464006,-16.0,2025,2.0
2025-06-09,8.0,21.0,14.0,2516.0,9.0,5.0,Monday,6,June,1.0,2512.2,9.0,2507.0,2503.0,2516.0,2518.0,2473.0,15.0,13.0,5.0,21.0,9.0,16.0,5.0,16.0,2512.6,7.162401831629648,2.0,2025,5.0
2025-06-10,17.0,28.0,7.0,2511.0,12.0,-5.0,Tuesday,6,June,1.0,2510.6,-5.0,2516.0,2507.0,2503.0,2519.0,2504.0,14.0,9.0,15.0,13.0,5.0,21.0,11.0,15.0,2512.2,6.833739825141999,5.0,2025,-5.0
2025-06-17,7.0,24.0,10.0,2523.0,14.0,-4.0,Tuesday,6,June,7.0,2512.0,12.0,2511.0,2516.0,2507.0,2516.0,2499.0,7.0,12.0,14.0,9.0,15.0,13.0,9.0,16.0,2510.6,5.683308895153546,-5.0,2025,-4.0
2025-06-19,8.0,19.0,7.0,2501.0,18.0,-11.0,Thursday,6,June,2.0,2511.6,-22.0,2523.0,2511.0,2516.0,2503.0,2506.0,10.0,14.0,7.0,12.0,14.0,9.0,5.0,21.0,2512.0,7.810249675761414,-4.0,2025,-11.0
2025-06-22,7.0,13.0,5.0,2508.0,7.0,-2.0,Sunday,6,June,3.0,2511.8,7.0,2501.0,2523.0,2511.0,2507.0,2528.0,7.0,18.0,10.0,14.0,7.0,12.0,15.0,13.0,2511.6,8.41427358705022,-11.0,2025,-2.0
2025-06-23,3.0,15.0,5.0,2495.0,17.0,-12.0,Monday,6,June,1.0,2507.6,-13.0,2508.0,2501.0,2523.0,2516.0,2518.0,5.0,7.0,7.0,18.0,10.0,14.0,14.0,9.0,2511.8,8.288546313903984,-2.0,2025,-12.0
2025-06-24,5.0,20.0,5.0,2489.0,16.0,-11.0,Tuesday,6,June,1.0,2503.2,-6.0,2495.0,2508.0,2501.0,2511.0,2519.0,5.0,17.0,5.0,7.0,7.0,18.0,7.0,12.0,2507.6,10.620734437774592,-12.0,2025,-11.0
2025-06-25,6.0,12.0,2.0,2470.0,24.0,-22.0,Wednesday,6,June,1.0,2492.6,-19.0,2489.0,2495.0,2508.0,2523.0,2516.0,5.0,16.0,5.0,17.0,5.0,7.0,10.0,14.0,2503.2,13.122499761772918,-11.0,2025,-22.0
2025-06-26,3.0,9.0,7.0,2447.0,35.0,-28.0,Thursday,6,June,1.0,2481.8,-23.0,2470.0,2489.0,2495.0,2501.0,2503.0,2.0,24.0,5.0,16.0,5.0,17.0,7.0,18.0,2492.6,14.467204291006903,-22.0,2025,-28.0
2025-06-29,5.0,17.0,7.0,2413.0,20.0,-13.0,Sunday,6,June,3.0,2462.8,-34.0,2447.0,2470.0,2489.0,2508.0,2507.0,7.0,35.0,2.0,24.0,5.0,16.0,5.0,7.0,2481.8,23.78444870073154,-28.0,2025,-13.0
2025-06-30,9.0,22.0,8.0,2407.0,16.0,-8.0,Monday,6,June,1.0,2445.2,-6.0,2413.0,2447.0,2470.0,2495.0,2516.0,7.0,20.0,7.0,35.0,2.0,24.0,5.0,17.0,2462.8,33.55890343854719,-13.0,2025,-8.0
2025-07-01,7.0,14.0,6.0,2391.0,22.0,-16.0,Tuesday,7,July,1.0,2425.6,-16.0,2407.0,2413.0,2447.0,2489.0,2511.0,8.0,16.0,7.0,20.0,7.0,35.0,5.0,16.0,2445.2,35.47111500922595,-8.0,2025,-16.0
2025-07-02,8.0,20.0,9.0,2373.0,38.0,-29.0,Wednesday,7,July,1.0,2406.2,-18.0,2391.0,2407.0,2413.0,2470.0,2523.0,6.0,22.0,8.0,16.0,7.0,20.0,2.0,24.0,2425.6,32.13720585237196,-16.0,2025,-29.0
2025-07-06,4.0,17.0,2.0,2332.0,8.0,-6.0,Sunday,7,July,4.0,2383.2,-41.0,2373.0,2391.0,2407.0,2447.0,2501.0,9.0,38.0,6.0,22.0,8.0,16.0,7.0,35.0,2406.2,27.58985320725225,-29.0,2025,-6.0
2025-07-07,3.0,18.0,8.0,2317.0,20.0,-12.0,Monday,7,July,1.0,2364.0,-15.0,2332.0,2373.0,2391.0,2413.0,2508.0,2.0,8.0,9.0,38.0,6.0,22.0,7.0,20.0,2383.2,32.560712522881346,-6.0,2025,-12.0
2025-07-08,5.0,16.0,8.0,2306.0,20.0,-12.0,Tuesday,7,July,1.0,2343.8,-11.0,2317.0,2332.0,2373.0,2407.0,2495.0,8.0,20.0,2.0,8.0,9.0,38.0,8.0,16.0,2364.0,38.37968212476128,-12.0,2025,-12.0
2025-07-09,2.0,18.0,0.0,2281.0,32.0,-32.0,Wednesday,7,July,1.0,2321.8,-25.0,2306.0,2317.0,2332.0,2391.0,2489.0,8.0,20.0,8.0,20.0,2.0,8.0,6.0,22.0,2343.8,36.62922330595781,-12.0,2025,-32.0
2025-07-10,2.0,12.0,3.0,2252.0,39.0,-36.0,Thursday,7,July,1.0,2297.6,-29.0,2281.0,2306.0,2317.0,2373.0,2470.0,0.0,32.0,8.0,20.0,8.0,20.0,9.0,38.0,2321.8,34.14234906970707,-32.0,2025,-36.0
2025-07-13,1.0,13.0,4.0,2204.0,10.0,-6.0,Sunday,7,July,3.0,2272.0,-48.0,2252.0,2281.0,2306.0,2332.0,2447.0,3.0,39.0,0.0,32.0,8.0,20.0,2.0,8.0,2297.6,31.564220250114353,-36.0,2025,-6.0
2025-07-14,2.0,9.0,1.0,2181.0,26.0,-25.0,Monday,7,July,1.0,2244.8,-23.0,2204.0,2252.0,2281.0,2317.0,2413.0,4.0,10.0,3.0,39.0,0.0,32.0,8.0,20.0,2272.0,45.51373419087614,-6.0,2025,-25.0
2025-07-15,0.0,8.0,5.0,2171.0,17.0,-12.0,Tuesday,7,July,1.0,2217.8,-10.0,2181.0,2204.0,2252.0,2306.0,2407.0,1.0,26.0,4.0,10.0,3.0,39.0,8.0,20.0,2244.8,52.06438321921937,-25.0,2025,-12.0
2025-07-16,1.0,9.0,0.0,2164.0,11.0,-11.0,Wednesday,7,July,1.0,2194.4,-7.0,2171.0,2181.0,2204.0,2281.0,2391.0,5.0,17.0,1.0,26.0,4.0,10.0,0.0,32.0,2217.8,47.16672555942099,-12.0,2025,-11.0
2025-07-17,3.0,16.0,2.0,2153.0,17.0,-15.0,Thursday,7,July,1.0,2174.6,-11.0,2164.0,2171.0,2181.0,2252.0,2373.0,0.0,11.0,5.0,17.0,1.0,26.0,3.0,39.0,2194.4,35.57105564918958,-11.0,2025,-15.0
2025-07-21,4.0,18.0,7.0,2121.0,16.0,-9.0,Monday,7,July,4.0,2158.0,-32.0,2153.0,2164.0,2171.0,2204.0,2332.0,2.0,17.0,0.0,11.0,5.0,17.0,4.0,10.0,2174.6,19.346834366317992,-15.0,2025,-9.0
2025-07-22,5.0,13.0,3.0,2117.0,16.0,-13.0,Tuesday,7,July,1.0,2145.2,-4.0,2121.0,2153.0,2164.0,2181.0,2317.0,7.0,16.0,2.0,17.0,0.0,11.0,1.0,26.0,2158.0,23.065125189292644,-9.0,2025,-13.0
2025-07-23,6.0,21.0,5.0,2111.0,14.0,-9.0,Wednesday,7,July,1.0,2133.2,-6.0,2117.0,2121.0,2153.0,2171.0,2306.0,3.0,16.0,7.0,16.0,2.0,17.0,5.0,17.0,2145.2,24.80322559663844,-13.0,2025,-9.0
2025-07-24,6.0,18.0,7.0,2096.0,29.0,-22.0,Thursday,7,July,1.0,2119.6,-15.0,2111.0,2117.0,2121.0,2164.0,2281.0,5.0,14.0,3.0,16.0,7.0,16.0,0.0,11.0,2133.2,23.68966019168991,-9.0,2025,-22.0
2025-07-27,1.0,12.0,2.0,2088.0,4.0,-2.0,Sunday,7,July,3.0,2106.6,-8.0,2096.0,2111.0,2117.0,2153.0,2252.0,7.0,29.0,5.0,14.0,3.0,16.0,2.0,17.0,2119.6,20.947553556387803,-22.0,2025,-2.0
2025-07-28,2.0,9.0,3.0,2080.0,14.0,-11.0,Monday,7,July,1.0,2098.4,-8.0,2088.0,2096.0,2111.0,2121.0,2204.0,2.0,4.0,7.0,29.0,5.0,14.0,7.0,16.0,2106.6,14.081903280371362,-2.0,2025,-11.0
2025-07-29,2.0,8.0,3.0,2072.0,12.0,-9.0,Tuesday,7,July,1.0,2089.4,-8.0,2080.0,2088.0,2096.0,2117.0,2181.0,3.0,14.0,2.0,4.0,7.0,29.0,3.0,16.0,2098.4,15.469324484208542,-11.0,2025,-9.0
2025-07-30,4.0,15.0,4.0,2063.0,16.0,-12.0,Wednesday,7,July,1.0,2079.8,-9.0,2072.0,2080.0,2088.0,2111.0,2171.0,3.0,12.0,3.0,14.0,2.0,4.0,5.0,14.0,2089.4,15.0266430049341,-9.0,2025,-12.0
2025-07-31,2.0,9.0,6.0,2058.0,15.0,-9.0,Thursday,7,July,1.0,2072.2,-5.0,2063.0,2072.0,2080.0,2096.0,2164.0,4.0,16.0,3.0,12.0,3.0,14.0,7.0,29.0,2079.8,12.969194269411513,-12.0,2025,-9.0
2025-08-03,5.0,26.0,3.0,2049.0,5.0,-2.0,Sunday,8,August,3.0,2064.4,-9.0,2058.0,2063.0,2072.0,2088.0,2153.0,6.0,15.0,4.0,16.0,3.0,12.0,2.0,4.0,2072.2,12.214745187589324,-9.0,2025,-2.0
2025-08-04,5.0,22.0,11.0,2040.0,14.0,-3.0,Monday,8,August,1.0,2056.4,-9.0,2049.0,2058.0,2063.0,2080.0,2121.0,3.0,5.0,6.0,15.0,4.0,16.0,3.0,14.0,2064.4,12.054044964149425,-2.0,2025,-3.0
2025-08-05,2.0,21.0,10.0,2042.0,14.0,-4.0,Tuesday,8,August,1.0,2050.4,2.0,2040.0,2049.0,2058.0,2072.0,2117.0,11.0,14.0,3.0,5.0,6.0,15.0,3.0,12.0,2056.4,12.381437719333608,-3.0,2025,-4.0
2025-08-06,4.0,17.0,3.0,2036.0,13.0,-10.0,Wednesday,8,August,1.0,2045.0,-6.0,2042.0,2040.0,2049.0,2063.0,2111.0,10.0,14.0,11.0,14.0,3.0,5.0,4.0,16.0,2050.4,9.964938534568976,-4.0,2025,-10.0
2025-08-07,4.0,18.0,6.0,2031.0,17.0,-11.0,Thursday,8,August,1.0,2039.6,-5.0,2036.0,2042.0,2040.0,2058.0,2096.0,3.0,13.0,10.0,14.0,11.0,14.0,6.0,15.0,2045.0,8.660254037713793,-10.0,2025,-11.0
2025-08-10,0.0,18.0,8.0,2006.0,12.0,-4.0,Sunday,8,August,3.0,2031.0,-25.0,2031.0,2036.0,2042.0,2049.0,2088.0,6.0,17.0,3.0,13.0,10.0,14.0,3.0,5.0,2039.6,6.730527468017482,-11.0,2025,-4.0
2025-08-11,6.0,23.0,4.0,1999.0,16.0,-12.0,Monday,8,August,1.0,2022.8,-7.0,2006.0,2031.0,2036.0,2040.0,2080.0,8.0,12.0,6.0,17.0,3.0,13.0,11.0,14.0,2031.0,14.594519519248914,-4.0,2025,-12.0
2025-08-12,8.0,38.0,9.0,1999.0,9.0,0.0,Tuesday,8,August,1.0,2014.2,0.0,1999.0,2006.0,2031.0,2042.0,2072.0,4.0,16.0,8.0,12.0,6.0,17.0,10.0,14.0,2022.8,19.097120201688455,-12.0,2025,0.0
2025-08-13,6.0,22.0,12.0,1997.0,17.0,-5.0,Wednesday,8,August,1.0,2006.4,-2.0,1999.0,1999.0,2006.0,2036.0,2063.0,9.0,9.0,4.0,16.0,8.0,12.0,3.0,13.0,2014.2,17.93599732375474,0.0,2025,-5.0
2025-08-14,3.0,27.0,4.0,1994.0,11.0,-7.0,Thursday,8,August,1.0,1999.0,-3.0,1997.0,1999.0,1999.0,2031.0,2058.0,12.0,17.0,9.0,9.0,4.0,16.0,6.0,17.0,2006.4,14.170391667054856,-5.0,2025,-7.0
2025-08-17,4.0,14.0,2.0,1991.0,3.0,-1.0,Sunday,8,August,3.0,1996.0,-3.0,1994.0,1997.0,1999.0,2006.0,2049.0,4.0,11.0,12.0,17.0,9.0,9.0,8.0,12.0,1999.0,4.4158804329078505,-7.0,2025,-1.0
2025-08-18,4.0,20.0,6.0,1985.0,14.0,-8.0,Monday,8,August,1.0,1993.2,-6.0,1991.0,1994.0,1997.0,1999.0,2040.0,2.0,3.0,4.0,11.0,12.0,17.0,4.0,16.0,1996.0,3.464101614811325,-1.0,2025,-8.0
2025-08-19,5.0,35.0,3.0,1980.0,11.0,-8.0,Tuesday,8,August,1.0,1989.4,-5.0,1985.0,1991.0,1994.0,1999.0,2042.0,6.0,14.0,2.0,3.0,4.0,11.0,9.0,9.0,1993.2,5.4954526654078775,-8.0,2025,-8.0
2025-08-20,10.0,38.0,10.0,1983.0,10.0,0.0,Wednesday,8,August,1.0,1986.6,3.0,1980.0,1985.0,1991.0,1997.0,2036.0,3.0,11.0,6.0,14.0,2.0,3.0,12.0,17.0,1989.4,6.877499545455375,-8.0,2025,0.0
2025-08-21,6.0,49.0,8.0,1972.0,21.0,-13.0,Thursday,8,August,1.0,1982.2,-11.0,1983.0,1980.0,1985.0,1994.0,2031.0,10.0,10.0,3.0,11.0,6.0,14.0,4.0,11.0,1986.6,5.7706152183054975,0.0,2025,-13.0
2025-08-24,4.0,21.0,5.0,1981.0,5.0,0.0,Sunday,8,August,3.0,1980.2,9.0,1972.0,1983.0,1980.0,1991.0,2006.0,8.0,21.0,10.0,10.0,3.0,11.0,2.0,3.0,1982.2,6.97853852878516,-13.0,2025,0.0
2025-08-25,8.0,30.0,8.0,1980.0,11.0,-3.0,Monday,8,August,1.0,1979.2,-1.0,1981.0,1972.0,1983.0,1985.0,1999.0,5.0,5.0,8.0,21.0,10.0,10.0,6.0,14.0,1980.2,4.9699094556882075,0.0,2025,-3.0
2025-08-26,10.0,21.0,20.0,1989.0,15.0,5.0,Tuesday,8,August,1.0,1981.0,9.0,1980.0,1981.0,1972.0,1980.0,1999.0,8.0,11.0,5.0,5.0,8.0,21.0,3.0,11.0,1979.2,4.207136793323829,-3.0,2025,5.0
2025-08-27,5.0,19.0,9.0,1988.0,19.0,-10.0,Wednesday,8,August,1.0,1982.0,-1.0,1989.0,1980.0,1981.0,1983.0,1997.0,20.0,15.0,8.0,11.0,5.0,5.0,10.0,10.0,1981.0,6.123724356773345,5.0,2025,-10.0
2025-08-28,8.0,33.0,6.0,1984.0,17.0,-11.0,Thursday,8,August,1.0,1984.4,-4.0,1988.0,1989.0,1980.0,1972.0,1994.0,9.0,19.0,20.0,15.0,8.0,11.0,8.0,21.0,1982.0,6.89202437588109,-10.0,2025,-11.0
2025-09-01,10.0,29.0,17.0,2010.0,5.0,12.0,Monday,9,September,4.0,1990.2,26.0,1984.0,1988.0,1989.0,1981.0,1991.0,6.0,17.0,9.0,19.0,20.0,15.0,5.0,5.0,1984.4,4.037325847357274,-11.0,2025,12.0
2025-09-02,6.0,35.0,9.0,2020.0,9.0,0.0,Tuesday,9,September,1.0,1998.2,10.0,2010.0,1984.0,1988.0,1980.0,1985.0,17.0,5.0,6.0,17.0,9.0,19.0,8.0,11.0,1990.2,11.62755348290167,12.0,2025,0.0
2025-09-03,4.0,29.0,11.0,2019.0,10.0,1.0,Wednesday,9,September,1.0,2004.2,-1.0,2020.0,2010.0,1984.0,1989.0,1980.0,9.0,9.0,17.0,5.0,6.0,17.0,20.0,15.0,1998.2,15.849290204855809,0.0,2025,1.0
2025-09-04,11.0,40.0,2.0,2015.0,14.0,-12.0,Thursday,9,September,1.0,2009.6,-4.0,2019.0,2020.0,2010.0,1988.0,1983.0,11.0,10.0,9.0,9.0,17.0,5.0,9.0,19.0,2004.2,17.12308383433714,1.0,2025,-12.0
2025-09-07,4.0,19.0,9.0,2026.0,7.0,2.0,Sunday,9,September,3.0,2018.0,11.0,2015.0,2019.0,2020.0,1984.0,1972.0,2.0,14.0,11.0,10.0,9.0,9.0,6.0,17.0,2009.6,14.842506526787782,-12.0,2025,2.0
2025-09-08,7.0,25.0,5.0,2025.0,6.0,-1.0,Monday,9,September,1.0,2021.0,-1.0,2026.0,2015.0,2019.0,2010.0,1981.0,9.0,7.0,2.0,14.0,11.0,10.0,17.0,5.0,2018.0,5.958187643716722,2.0,2025,-1.0
2025-09-09,18.0,42.0,11.0,2023.0,14.0,-3.0,Tuesday,9,September,1.0,2021.6,-2.0,2025.0,2026.0,2015.0,2020.0,1980.0,5.0,6.0,9.0,7.0,2.0,14.0,9.0,9.0,2021.0,4.527692568818981,-1.0,2025,-3.0
2025-09-10,10.0,47.0,14.0,2025.0,18.0,-4.0,Wednesday,9,September,1.0,2022.8,2.0,2023.0,2025.0,2026.0,2019.0,1989.0,11.0,14.0,5.0,6.0,9.0,7.0,11.0,10.0,2021.6,4.560701700148637,-3.0,2025,-4.0
2025-09-11,12.0,38.0,29.0,2047.0,6.0,23.0,Thursday,9,September,1.0,2029.2,22.0,2025.0,2023.0,2025.0,2015.0,1988.0,14.0,18.0,11.0,14.0,5.0,6.0,2.0,14.0,2022.8,4.494441010597288,-4.0,2025,23.0
2025-09-14,7.0,39.0,13.0,2083.0,5.0,8.0,Sunday,9,September,3.0,2040.6,36.0,2047.0,2025.0,2023.0,2026.0,1984.0,29.0,6.0,14.0,18.0,11.0,14.0,9.0,7.0,2029.2,10.009995004880803,23.0,2025,8.0
2025-09-15,9.0,47.0,10.0,2086.0,10.0,0.0,Monday,9,September,1.0,2052.8,3.0,2083.0,2047.0,2025.0,2025.0,2010.0,13.0,5.0,29.0,6.0,14.0,18.0,5.0,6.0,2040.6,25.667099563404896,8.0,2025,0.0
2025-09-16,7.0,28.0,17.0,2095.0,12.0,5.0,Tuesday,9,September,1.0,2067.2,9.0,2086.0,2083.0,2047.0,2023.0,2020.0,10.0,10.0,13.0,5.0,29.0,6.0,11.0,14.0,2052.8,30.44995894903207,0.0,2025,5.0
2025-09-17,7.0,38.0,5.0,2096.0,13.0,-8.0,Wednesday,9,September,1.0,2081.4,1.0,2095.0,2086.0,2083.0,2025.0,2019.0,17.0,12.0,10.0,10.0,13.0,5.0,14.0,18.0,2067.2,29.85297305123458,5.0,2025,-8.0
2025-09-18,20.0,52.0,11.0,2096.0,14.0,-3.0,Thursday,9,September,1.0,2091.2,0.0,2096.0,2095.0,2086.0,2047.0,2015.0,5.0,13.0,17.0,12.0,10.0,10.0,29.0,6.0,2081.4,20.03247363651679,-8.0,2025,-3.0
2025-09-21,8.0,35.0,13.0,2134.0,5.0,8.0,Sunday,9,September,3.0,2101.4,38.0,2096.0,2096.0,2095.0,2083.0,2026.0,11.0,14.0,5.0,13.0,17.0,12.0,13.0,5.0,2091.2,6.220932405816631,-3.0,2025,8.0
2025-09-22,17.0,40.0,14.0,2141.0,10.0,4.0,Monday,9,September,1.0,2112.4,7.0,2134.0,2096.0,2096.0,2086.0,2025.0,13.0,5.0,11.0,14.0,5.0,13.0,10.0,10.0,2101.4,18.702940945149216,8.0,2025,4.0
2025-09-23,11.0,36.0,10.0,2145.0,15.0,-5.0,Tuesday,9,September,1.0,2122.4,4.0,2141.0,2134.0,2096.0,2095.0,2023.0,14.0,10.0,13.0,5.0,11.0,14.0,17.0,12.0,2112.4,23.04994576995221,4.0,2025,-5.0
2025-09-24,3.0,38.0,12.0,2138.0,17.0,-5.0,Wednesday,9,September,1.0,2130.8,-7.0,2145.0,2141.0,2134.0,2096.0,2025.0,10.0,15.0,14.0,10.0,13.0,5.0,5.0,13.0,2122.4,24.419254697834997,-5.0,2025,-5.0
2025-09-25,6.0,35.0,12.0,2132.0,18.0,-6.0,Thursday,9,September,1.0,2138.0,-6.0,2138.0,2145.0,2141.0,2096.0,2047.0,12.0,17.0,10.0,15.0,14.0,10.0,11.0,14.0,2130.8,19.86705816163368,-5.0,2025,-6.0
2025-09-28,11.0,29.0,12.0,2146.0,9.0,3.0,Sunday,9,September,3.0,2140.4,14.0,2132.0,2138.0,2145.0,2134.0,2083.0,12.0,18.0,12.0,17.0,10.0,15.0,13.0,5.0,2138.0,5.244044240634648,-6.0,2025,3.0
2025-09-29,8.0,35.0,12.0,2148.0,13.0,-1.0,Monday,9,September,1.0,2141.8,2.0,2146.0,2132.0,2138.0,2141.0,2086.0,12.0,9.0,12.0,18.0,12.0,17.0,14.0,10.0,2140.4,5.683308895153709,3.0,2025,-1.0
2025-09-30,8.0,32.0,12.0,2159.0,7.0,5.0,Tuesday,9,September,1.0,2144.6,11.0,2148.0,2146.0,2132.0,2145.0,2095.0,12.0,13.0,12.0,9.0,12.0,18.0,10.0,15.0,2141.8,6.648308055267365,-1.0,2025,5.0
2025-10-01,4.0,33.0,12.0,2163.0,14.0,-2.0,Wednesday,10,October,1.0,2149.6,4.0,2159.0,2148.0,2146.0,2138.0,2096.0,12.0,7.0,12.0,13.0,12.0,9.0,12.0,17.0,2144.6,10.28591269638886,5.0,2025,-2.0
2025-10-02,20.0,51.0,15.0,2164.0,16.0,-1.0,Thursday,10,October,1.0,2156.0,1.0,2163.0,2159.0,2148.0,2132.0,2096.0,12.0,14.0,12.0,7.0,12.0,13.0,12.0,18.0,2149.6,12.177848742603683,-2.0,2025,-1.0
2025-10-05,8.0,28.0,13.0,2180.0,16.0,-3.0,Sunday,10,October,3.0,2162.8,16.0,2164.0,2163.0,2159.0,2146.0,2134.0,15.0,16.0,12.0,14.0,12.0,7.0,12.0,9.0,2156.0,8.455767262509925,-1.0,2025,-3.0
2025-10-06,5.0,33.0,15.0,2187.0,10.0,5.0,Monday,10,October,1.0,2170.6,7.0,2180.0,2164.0,2163.0,2148.0,2141.0,13.0,16.0,15.0,16.0,12.0,14.0,12.0,13.0,2162.8,11.519548602168994,-3.0,2025,5.0
2025-10-07,11.0,45.0,4.0,2189.0,10.0,-6.0,Tuesday,10,October,1.0,2176.6,2.0,2187.0,2180.0,2164.0,2159.0,2145.0,15.0,10.0,13.0,16.0,15.0,16.0,12.0,7.0,2170.6,12.177848742603647,5.0,2025,-6.0
2025-10-08,8.0,49.0,15.0,2192.0,17.0,-2.0,Wednesday,10,October,1.0,2182.4,3.0,2189.0,2187.0,2180.0,2163.0,2138.0,4.0,10.0,15.0,10.0,13.0,16.0,12.0,14.0,2176.6,12.421755109393114,-6.0,2025,-2.0
2025-10-09,11.0,55.0,13.0,2192.0,12.0,1.0,Thursday,10,October,1.0,2188.0,0.0,2192.0,2189.0,2187.0,2164.0,2132.0,15.0,17.0,4.0,10.0,15.0,10.0,15.0,16.0,2182.4,11.19374825506336,-2.0,2025,1.0
2025-10-13,8.0,24.0,7.0,2223.0,6.0,1.0,Monday,10,October,4.0,2196.6,31.0,2192.0,2192.0,2189.0,2180.0,2146.0,13.0,12.0,15.0,17.0,4.0,10.0,13.0,16.0,2188.0,4.9497474680768825,1.0,2025,1.0
2025-10-14,7.0,30.0,16.0,2235.0,8.0,8.0,Tuesday,10,October,1.0,2206.2,12.0,2223.0,2192.0,2192.0,2187.0,2148.0,7.0,6.0,13.0,12.0,15.0,17.0,15.0,10.0,2196.6,14.90972836767103,1.0,2025,8.0
2025-10-15,8.0,29.0,10.0,2225.0,15.0,-5.0,Wednesday,10,October,1.0,2213.4,-10.0,2235.0,2223.0,2192.0,2189.0,2159.0,16.0,8.0,7.0,6.0,13.0,12.0,4.0,10.0,2206.2,21.276747871743375,8.0,2025,-5.0
2025-10-16,9.0,33.0,15.0,2233.0,9.0,6.0,Thursday,10,October,1.0,2221.6,8.0,2225.0,2235.0,2223.0,2192.0,2163.0,10.0,15.0,16.0,8.0,7.0,6.0,15.0,17.0,2213.4,20.05741758047972,-5.0,2025,6.0
2025-10-19,9.0,34.0,17.0,2237.0,7.0,10.0,Sunday,10,October,3.0,2230.6,4.0,2233.0,2225.0,2235.0,2192.0,2164.0,15.0,9.0,10.0,15.0,16.0,8.0,13.0,12.0,2221.6,17.314733610360182,6.0,2025,10.0
2025-10-20,10.0,39.0,6.0,2243.0,7.0,-1.0,Monday,10,October,1.0,2234.6,6.0,2237.0,2233.0,2225.0,2223.0,2180.0,17.0,7.0,15.0,9.0,10.0,15.0,7.0,6.0,2230.6,6.2289646007773705,10.0,2025,-1.0
2025-10-21,13.0,39.0,17.0,2251.0,9.0,8.0,Tuesday,10,October,1.0,2237.8,8.0,2243.0,2237.0,2233.0,2235.0,2187.0,6.0,7.0,17.0,7.0,15.0,9.0,16.0,8.0,2234.6,6.542170893345575,-1.0,2025,8.0
2025-10-22,12.0,42.0,13.0,2261.0,12.0,1.0,Wednesday,10,October,1.0,2245.0,10.0,2251.0,2243.0,2237.0,2225.0,2189.0,17.0,9.0,6.0,7.0,17.0,7.0,10.0,15.0,2237.8,9.859006034978236,8.0,2025,1.0
2025-10-23,4.0,27.0,26.0,2266.0,18.0,8.0,Thursday,10,October,1.0,2251.6,5.0,2261.0,2251.0,2243.0,2233.0,2192.0,13.0,12.0,17.0,9.0,6.0,7.0,15.0,9.0,2245.0,11.224972160221002,1.0,2025,8.0
2025-10-26,4.0,35.0,12.0,2276.0,10.0,2.0,Sunday,10,October,3.0,2259.4,10.0,2266.0,2261.0,2251.0,2237.0,2192.0,26.0,18.0,13.0,12.0,17.0,9.0,17.0,7.0,2251.6,12.074767078405156,8.0,2025,2.0
2025-10-27,2.0,31.0,8.0,2282.0,11.0,-3.0,Monday,10,October,1.0,2267.2,6.0,2276.0,2266.0,2261.0,2243.0,2223.0,12.0,10.0,26.0,18.0,13.0,12.0,6.0,7.0,2259.4,12.856904759612124,2.0,2025,-3.0
2025-10-28,6.0,22.0,11.0,2286.0,6.0,5.0,Tuesday,10,October,1.0,2274.2,4.0,2282.0,2276.0,2266.0,2251.0,2235.0,8.0,11.0,12.0,10.0,26.0,18.0,17.0,9.0,2267.2,12.23519513525376,-3.0,2025,5.0
2025-10-29,6.0,25.0,4.0,2280.0,17.0,-13.0,Wednesday,10,October,1.0,2278.0,-6.0,2286.0,2282.0,2276.0,2261.0,2225.0,11.0,6.0,8.0,11.0,12.0,10.0,13.0,12.0,2274.2,10.545141061064042,5.0,2025,-13.0
2025-10-30,3.0,17.0,14.0,2287.0,12.0,2.0,Thursday,10,October,1.0,2282.2,7.0,2280.0,2286.0,2282.0,2266.0,2233.0,4.0,17.0,11.0,6.0,8.0,11.0,26.0,18.0,2278.0,7.615773105715507,-13.0,2025,2.0
2025-11-02,5.0,21.0,10.0,2277.0,7.0,3.0,Sunday,11,November,3.0,2282.4,-10.0,2287.0,2280.0,2286.0,2276.0,2237.0,14.0,12.0,4.0,17.0,11.0,6.0,12.0,10.0,2282.2,4.494441010597413,2.0,2025,3.0
2025-11-03,3.0,28.0,5.0,2269.0,12.0,-7.0,Monday,11,November,1.0,2279.8,-8.0,2277.0,2287.0,2280.0,2282.0,2243.0,10.0,7.0,14.0,12.0,4.0,17.0,8.0,11.0,2282.4,4.159326868345453,3.0,2025,-7.0
2025-11-04,6.0,33.0,6.0,2270.0,8.0,-2.0,Tuesday,11,November,1.0,2276.6,1.0,2269.0,2277.0,2287.0,2286.0,2251.0,5.0,12.0,10.0,7.0,14.0,12.0,11.0,6.0,2279.8,7.32802838407037,-7.0,2025,-2.0
2025-11-05,8.0,41.0,8.0,2272.0,7.0,1.0,Wednesday,11,November,1.0,2275.0,2.0,2270.0,2269.0,2277.0,2280.0,2261.0,6.0,8.0,5.0,12.0,10.0,7.0,4.0,17.0,2276.6,7.436396976879406,-2.0,2025,1.0
2025-11-06,6.0,33.0,9.0,2264.0,19.0,-10.0,Thursday,11,November,1.0,2270.4,-8.0,2272.0,2270.0,2269.0,2287.0,2266.0,8.0,7.0,6.0,8.0,5.0,12.0,14.0,12.0,2275.0,7.382411529963706,1.0,2025,-10.0
2025-11-09,11.0,33.0,5.0,2294.0,4.0,1.0,Sunday,11,November,3.0,2273.8,30.0,2264.0,2272.0,2270.0,2277.0,2276.0,9.0,19.0,8.0,7.0,6.0,8.0,10.0,7.0,2270.4,4.72228758100788,-10.0,2025,1.0
2025-11-11,11.0,39.0,12.0,2294.0,14.0,-2.0,Tuesday,11,November,2.0,2278.8,0.0,2294.0,2264.0,2272.0,2269.0,2282.0,5.0,4.0,9.0,19.0,8.0,7.0,5.0,12.0,2273.8,11.670475568619313,1.0,2025,-2.0
2025-11-12,14.0,48.0,20.0,2302.0,7.0,13.0,Wednesday,11,November,1.0,2285.2,8.0,2294.0,2294.0,2264.0,2270.0,2286.0,12.0,14.0,5.0,4.0,9.0,19.0,6.0,8.0,2278.8,14.18449858111802,-2.0,2025,13.0
2025-11-13,6.0,26.0,16.0,2317.0,5.0,11.0,Thursday,11,November,1.0,2294.2,15.0,2302.0,2294.0,2294.0,2272.0,2280.0,20.0,7.0,12.0,14.0,5.0,4.0,8.0,7.0,2285.2,16.284962388588426,13.0,2025,11.0
2025-11-16,5.0,22.0,3.0,2340.0,5.0,-2.0,Sunday,11,November,3.0,2309.4,23.0,2317.0,2302.0,2294.0,2264.0,2287.0,16.0,5.0,20.0,7.0,12.0,14.0,9.0,19.0,2294.2,19.31838502561075,11.0,2025,-2.0
2025-11-17,1.0,35.0,6.0,2343.0,8.0,-2.0,Monday,11,November,1.0,2319.2,3.0,2340.0,2317.0,2302.0,2294.0,2277.0,3.0,5.0,16.0,5.0,20.0,7.0,5.0,4.0,2309.4,19.514097468182907,-2.0,2025,-2.0
2025-11-18,2.0,38.0,8.0,2345.0,12.0,-4.0,Tuesday,11,November,1.0,2329.4,2.0,2343.0,2340.0,2317.0,2294.0,2269.0,6.0,8.0,3.0,5.0,16.0,5.0,12.0,14.0,2319.2,21.993180761266512,-2.0,2025,-4.0
2025-11-19,7.0,32.0,3.0,2340.0,10.0,-7.0,Wednesday,11,November,1.0,2337.0,-5.0,2345.0,2343.0,2340.0,2302.0,2270.0,8.0,12.0,6.0,8.0,3.0,5.0,20.0,7.0,2329.4,19.007893097283148,-4.0,2025,-7.0
2025-11-20,18.0,57.0,8.0,2340.0,9.0,-1.0,Thursday,11,November,1.0,2341.6,0.0,2340.0,2345.0,2343.0,2317.0,2272.0,3.0,10.0,8.0,12.0,6.0,8.0,16.0,5.0,2337.0,11.379806676641902,-7.0,2025,-1.0
2025-11-23,3.0,46.0,22.0,2375.0,1.0,21.0,Sunday,11,November,3.0,2348.6,35.0,2340.0,2340.0,2345.0,2340.0,2264.0,8.0,9.0,3.0,10.0,8.0,12.0,3.0,5.0,2341.6,2.3021728861542052,-1.0,2025,21.0
2025-11-24,9.0,40.0,9.0,2371.0,13.0,-4.0,Monday,11,November,1.0,2354.2,-4.0,2375.0,2340.0,2340.0,2343.0,2294.0,22.0,1.0,8.0,9.0,3.0,10.0,6.0,8.0,2348.6,14.90972836767137,21.0,2025,-4.0
2025-11-25,6.0,47.0,14.0,2375.0,11.0,3.0,Tuesday,11,November,1.0,2360.2,4.0,2371.0,2375.0,2340.0,2345.0,2294.0,9.0,13.0,22.0,1.0,8.0,9.0,8.0,12.0,2354.2,17.340703561209548,-4.0,2025,3.0
2025-11-27,4.0,24.0,8.0,2389.0,7.0,1.0,Thursday,11,November,2.0,2370.0,14.0,2375.0,2371.0,2375.0,2340.0,2302.0,14.0,11.0,9.0,13.0,22.0,1.0,3.0,10.0,2360.2,18.512158166938477,3.0,2025,1.0
2025-11-30,4.0,18.0,10.0,2415.0,0.0,10.0,Sunday,11,November,3.0,2385.0,26.0,2389.0,2375.0,2371.0,2340.0,2317.0,8.0,7.0,14.0,11.0,9.0,13.0,8.0,9.0,2370.0,18.110770276212662,1.0,2025,10.0
2025-12-01,4.0,26.0,4.0,2410.0,9.0,-5.0,Monday,12,December,1.0,2392.0,-5.0,2415.0,2389.0,2375.0,2375.0,2340.0,10.0,0.0,8.0,7.0,14.0,11.0,22.0,1.0,2385.0,18.110770276212662,10.0,2025,-5.0
2025-12-02,7.0,34.0,6.0,2407.0,8.0,-2.0,Tuesday,12,December,1.0,2399.2,-3.0,2410.0,2415.0,2389.0,2371.0,2343.0,4.0,9.0,10.0,0.0,8.0,7.0,9.0,13.0,2392.0,19.949937343203562,-5.0,2025,-2.0
2025-12-03,4.0,32.0,8.0,2419.0,7.0,1.0,Wednesday,12,December,1.0,2408.0,12.0,2407.0,2410.0,2415.0,2375.0,2345.0,6.0,8.0,4.0,9.0,10.0,0.0,14.0,11.0,2399.2,16.709278859296965,-2.0,2025,1.0
2025-12-04,16.0,39.0,7.0,2418.0,13.0,-6.0,Thursday,12,December,1.0,2413.8,-1.0,2419.0,2407.0,2410.0,2389.0,2340.0,8.0,7.0,6.0,8.0,4.0,9.0,8.0,7.0,2408.0,11.575836902693034,1.0,2025,-6.0
2025-12-07,4.0,24.0,13.0,2429.0,12.0,1.0,Sunday,12,December,3.0,2416.6,11.0,2418.0,2419.0,2407.0,2415.0,2340.0,7.0,13.0,8.0,7.0,6.0,8.0,10.0,0.0,2413.8,5.167204272887768,-6.0,2025,1.0
2025-12-08,9.0,27.0,9.0,2440.0,4.0,5.0,Monday,12,December,1.0,2422.6,11.0,2429.0,2418.0,2419.0,2410.0,2375.0,13.0,12.0,7.0,13.0,8.0,7.0,4.0,9.0,2416.6,8.619744775673468,1.0,2025,5.0
2025-12-09,4.0,30.0,7.0,2443.0,8.0,-1.0,Tuesday,12,December,1.0,2429.8,3.0,2440.0,2429.0,2418.0,2407.0,2371.0,9.0,4.0,13.0,12.0,7.0,13.0,6.0,8.0,2422.6,12.461942063649257,5.0,2025,-1.0
2025-12-10,10.0,54.0,5.0,2439.0,9.0,-4.0,Wednesday,12,December,1.0,2433.8,-4.0,2443.0,2440.0,2429.0,2419.0,2375.0,7.0,8.0,9.0,4.0,13.0,12.0,8.0,7.0,2429.8,11.562871615552531,-1.0,2025,-4.0
2025-12-11,7.0,47.0,9.0,2437.0,10.0,-1.0,Thursday,12,December,1.0,2437.6,-2.0,2439.0,2443.0,2440.0,2418.0,2389.0,5.0,9.0,7.0,8.0,9.0,4.0,7.0,13.0,2433.8,10.281050529870452,-4.0,2025,-1.0
2025-12-14,8.0,35.0,4.0,2462.0,8.0,-4.0,Sunday,12,December,3.0,2444.2,25.0,2437.0,2439.0,2443.0,2429.0,2415.0,9.0,10.0,5.0,9.0,7.0,8.0,13.0,12.0,2437.6,5.272570530372125,-1.0,2025,-4.0
2025-12-15,11.0,42.0,9.0,2470.0,7.0,2.0,Monday,12,December,1.0,2450.2,8.0,2462.0,2437.0,2439.0,2440.0,2410.0,4.0,8.0,9.0,10.0,5.0,9.0,9.0,4.0,2444.2,10.183319694370292,-4.0,2025,2.0
2025-12-16,8.0,54.0,15.0,2468.0,9.0,6.0,Tuesday,12,December,1.0,2455.2,-2.0,2470.0,2462.0,2437.0,2443.0,2407.0,9.0,7.0,4.0,8.0,9.0,10.0,7.0,8.0,2450.2,14.85597522876742,2.0,2025,6.0
2025-12-17,7.0,31.0,11.0,2481.0,10.0,1.0,Wednesday,12,December,1.0,2463.6,13.0,2468.0,2470.0,2462.0,2439.0,2419.0,15.0,9.0,9.0,7.0,4.0,8.0,5.0,9.0,2455.2,15.990622251737182,6.0,2025,1.0
2025-12-18,11.0,50.0,6.0,2472.0,16.0,-10.0,Thursday,12,December,1.0,2470.6,-9.0,2481.0,2468.0,2470.0,2437.0,2418.0,11.0,10.0,15.0,9.0,9.0,7.0,9.0,10.0,2463.6,16.37986568924647,1.0,2025,-10.0
2025-12-21,6.0,18.0,11.0,2484.0,14.0,-3.0,Sunday,12,December,3.0,2475.0,12.0,2472.0,2481.0,2468.0,2462.0,2429.0,6.0,16.0,11.0,10.0,15.0,9.0,4.0,8.0,2470.6,6.91375440681505,-10.0,2025,-3.0
